id,telefono,email,created_at,updated_at,disabled_at
1,+591-71946112,nicholaslong@example.com,"2024-02-03 15:54:29","2024-03-04 15:54:29",NULL
2,+591-74903689,matthewmorris@example.com,"2024-04-18 10:13:21","2024-05-16 10:13:21","2024-06-05 10:13:21"
3,+591-75278131,cmorgan@example.org,"2024-04-03 01:47:39","2024-04-15 01:47:39",NULL
4,+591-75747082,gallaghermark@example.com,"2024-03-22 12:46:32","2024-03-30 12:46:32","2024-04-03 12:46:32"
5,+591-70012132,yjones@example.net,"2024-02-04 14:36:58","2024-02-22 14:36:58","2024-03-09 14:36:58"
6,+591-70016756,justin76@example.net,"2024-06-24 13:05:49","2024-07-19 13:05:49","2024-08-17 13:05:49"
7,+591-70016842,kenneth80@example.net,"2024-04-16 15:07:40","2024-05-16 15:07:40","2024-05-18 15:07:40"
8,+591-78775958,chenlacey@example.org,"2024-01-10 04:16:43","2024-01-19 04:16:43",NULL
9,+591-70018988,daniel45@example.net,"2024-06-09 06:35:22","2024-06-10 06:35:22",NULL
10,+591-77757859,hollyprice@example.org,"2024-03-12 01:10:54","2024-03-12 01:10:54",NULL
11,+591-70015508,angelahall@example.com,"2024-04-27 18:36:56","2024-05-22 18:36:56","2024-05-23 18:36:56"
12,+591-72126244,kelly75@example.com,"2024-04-26 18:00:56","2024-05-16 18:00:56","2024-05-23 18:00:56"
13,+591-76638095,jason54@example.net,"2024-02-29 23:43:59","2024-03-02 23:43:59","2024-03-10 23:43:59"
14,+591-77854187,lisahernandez@example.com,"2024-01-19 22:47:44","2024-02-02 22:47:44",NULL
15,+591-72557015,lindsey82@example.com,"2024-01-16 09:29:13","2024-02-06 09:29:13",NULL
16,+591-79962281,heathsusan@example.org,"2024-05-06 20:05:52","2024-05-31 20:05:52","2024-06-22 20:05:52"
17,+591-74637064,jenniferherrera@example.net,"2024-03-16 03:27:43","2024-03-17 03:27:43",NULL
18,+591-71210953,brianjones@example.net,"2024-06-15 22:12:50","2024-07-02 22:12:50",NULL
19,+591-70013555,fredericklacey@example.com,"2024-05-29 12:17:57","2024-06-03 12:17:57",NULL
20,+591-70015219,scottmyers@example.org,"2024-02-04 15:16:53","2024-03-02 15:16:53",NULL
21,+591-70019485,barkersean@example.net,"2024-06-20 01:40:58","2024-06-28 01:40:58",NULL
22,+591-72273601,albert46@example.com,"2024-06-05 11:50:30","2024-06-27 11:50:30","2024-06-29 11:50:30"
23,+591-77467663,anthony84@example.net,"2024-03-24 14:49:36","2024-04-22 14:49:36","2024-04-26 14:49:36"
24,+591-72187563,jthomas@example.com,"2024-06-13 11:03:17","2024-06-24 11:03:17",NULL
25,+591-72319496,brian52@example.com,"2024-06-04 01:44:57","2024-06-11 01:44:57",NULL
26,+591-78645137,matthewgonzalez@example.com,"2024-06-09 11:05:33","2024-06-10 11:05:33",NULL
27,+591-72822687,wwilson@example.net,"2024-06-24 02:45:33","2024-06-27 02:45:33","2024-07-27 02:45:33"
28,+591-79567924,mitchell66@example.com,"2024-02-19 12:56:45","2024-03-04 12:56:45","2024-03-27 12:56:45"
29,+591-76992483,jenniferforbes@example.net,"2024-02-14 15:46:29","2024-02-15 15:46:29",NULL
30,+591-74812799,jill17@example.org,"2024-06-21 07:20:25","2024-07-12 07:20:25",NULL
31,+591-74922274,clarkkelly@example.com,"2024-04-10 07:42:55","2024-04-27 07:42:55","2024-05-09 07:42:55"
32,+591-78329514,floresmark@example.com,"2024-04-28 16:31:56","2024-05-25 16:31:56",NULL
33,+591-77826876,andreaponce@example.com,"2024-02-29 11:15:31","2024-03-28 11:15:31",NULL
34,+591-72529761,qjuarez@example.net,"2024-01-16 10:48:06","2024-02-06 10:48:06","2024-03-05 10:48:06"
35,+591-73403990,pmiles@example.net,"2024-01-12 21:04:11","2024-02-11 21:04:11","2024-03-05 21:04:11"
36,+591-76718082,laurawhitaker@example.org,"2024-06-12 09:27:03","2024-06-15 09:27:03",NULL
37,+591-78132664,john04@example.com,"2024-05-04 18:37:36","2024-06-01 18:37:36","2024-07-01 18:37:36"
38,+591-70013768,ydavidson@example.com,"2024-04-21 13:55:00","2024-05-10 13:55:00","2024-05-17 13:55:00"
39,+591-78816981,michaelharper@example.org,"2024-03-16 20:36:35","2024-04-01 20:36:35","2024-04-25 20:36:35"
40,+591-74003161,gamblejohn@example.com,"2024-02-10 13:08:02","2024-02-15 13:08:02",NULL
41,+591-73928449,hector83@example.net,"2024-01-10 17:38:26","2024-01-10 17:38:26","2024-02-01 17:38:26"
42,+591-78822604,fwebb@example.org,"2024-06-08 09:38:31","2024-06-14 09:38:31","2024-07-02 09:38:31"
43,+591-79403979,jmccarthy@example.org,"2024-05-15 20:45:52","2024-05-16 20:45:52","2024-05-24 20:45:52"
44,+591-79652480,uwhite@example.com,"2024-06-24 04:11:25","2024-07-16 04:11:25",NULL
45,+591-73352488,pleonard@example.net,"2024-04-06 07:43:51","2024-04-25 07:43:51",NULL
46,+591-79228030,gallen@example.com,"2024-03-11 22:21:36","2024-04-03 22:21:36",NULL
47,+591-70016166,kim39@example.org,"2024-03-27 18:16:39","2024-04-03 18:16:39","2024-04-27 18:16:39"
48,+591-73076606,christopher54@example.com,"2024-01-14 09:49:16","2024-01-19 09:49:16","2024-02-05 09:49:16"
49,+591-76127151,wilsondeanna@example.org,"2024-02-14 12:30:46","2024-02-14 12:30:46","2024-03-10 12:30:46"
50,+591-76749195,connie66@example.org,"2024-04-18 21:49:42","2024-05-16 21:49:42",NULL
51,+591-79724152,brownsteven@example.org,"2024-02-10 16:10:05","2024-03-09 16:10:05","2024-03-17 16:10:05"
52,+591-72967377,danielbrown@example.org,"2024-05-11 22:22:45","2024-06-03 22:22:45",NULL
53,+591-75498694,raymondlee@example.net,"2024-06-23 04:12:33","2024-06-29 04:12:33",NULL
54,+591-70013975,kimwade@example.net,"2024-04-06 21:23:18","2024-05-03 21:23:18","2024-05-08 21:23:18"
55,+591-79458843,aaronwatkins@example.net,"2024-02-11 19:00:36","2024-02-22 19:00:36","2024-03-09 19:00:36"
56,+591-78462968,zfuentes@example.com,"2024-06-21 02:20:31","2024-07-08 02:20:31","2024-08-01 02:20:31"
57,+591-78656078,jpadilla@example.org,"2024-04-02 04:43:41","2024-04-13 04:43:41",NULL
58,+591-79236914,castromegan@example.net,"2024-03-11 10:07:54","2024-03-29 10:07:54",NULL
59,+591-72549371,misty12@example.org,"2024-02-13 21:05:40","2024-03-08 21:05:40",NULL
60,+591-77092583,wrush@example.org,"2024-04-07 03:32:23","2024-04-11 03:32:23","2024-04-25 03:32:23"
61,+591-72048290,aliciaberry@example.com,"2024-04-20 01:13:25","2024-05-07 01:13:25","2024-05-24 01:13:25"
62,+591-78776215,tylerconner@example.com,"2024-04-14 03:27:27","2024-05-02 03:27:27","2024-05-11 03:27:27"
63,+591-73916485,odean@example.net,"2024-01-23 13:54:17","2024-02-10 13:54:17","2024-02-18 13:54:17"
64,+591-72588702,samantha68@example.org,"2024-05-26 02:25:24","2024-06-24 02:25:24",NULL
65,+591-73769609,vdickerson@example.org,"2024-03-31 11:01:48","2024-04-02 11:01:48",NULL
66,+591-78232239,roachjennifer@example.net,"2024-04-11 12:24:38","2024-05-01 12:24:38",NULL
67,+591-73443273,barbara66@example.com,"2024-02-19 05:24:05","2024-03-09 05:24:05","2024-03-15 05:24:05"
68,+591-73208698,olsondavid@example.net,"2024-04-05 09:40:03","2024-05-03 09:40:03","2024-05-08 09:40:03"
69,+591-77204431,gedwards@example.net,"2024-03-05 19:00:36","2024-03-31 19:00:36","2024-04-13 19:00:36"
70,+591-77134195,yhuffman@example.org,"2024-04-21 20:33:21","2024-04-29 20:33:21","2024-05-01 20:33:21"
71,+591-75865329,todd12@example.com,"2024-05-23 20:29:33","2024-06-04 20:29:33","2024-06-12 20:29:33"
72,+591-71285065,kristin83@example.org,"2024-05-25 00:11:09","2024-06-14 00:11:09",NULL
73,+591-76785217,josephmcdonald@example.com,"2024-03-31 12:41:55","2024-03-31 12:41:55","2024-04-22 12:41:55"
74,+591-79378249,amandarodriguez@example.com,"2024-06-01 16:44:32","2024-06-15 16:44:32","2024-07-11 16:44:32"
75,+591-72243507,lauraperez@example.com,"2024-03-06 21:37:38","2024-03-26 21:37:38","2024-04-24 21:37:38"
76,+591-65038527,patrick91@example.org,"2024-04-05 16:07:44","2024-04-28 16:07:44",NULL
77,+591-62243247,tracyyang@example.org,"2024-03-31 16:07:01","2024-04-24 16:07:01",NULL
78,+591-68827639,gscott@example.org,"2024-06-16 06:12:04","2024-07-04 06:12:04",NULL
79,+591-68695437,cindy34@example.net,"2024-05-26 01:01:45","2024-05-31 01:01:45","2024-06-13 01:01:45"
80,+591-69279003,jasonwall@example.org,"2024-05-15 05:58:44","2024-05-20 05:58:44",NULL
81,+591-63785500,lisadavis@example.net,"2024-01-19 19:12:46","2024-02-12 19:12:46","2024-02-13 19:12:46"
82,+591-66926940,kelseycollier@example.org,"2024-06-18 14:23:45","2024-06-27 14:23:45","2024-07-10 14:23:45"
83,+591-65652501,kharris@example.com,"2024-01-03 21:38:51","2024-01-26 21:38:51","2024-02-04 21:38:51"
84,+591-62894458,christinehogan@example.com,"2024-04-27 18:50:07","2024-05-25 18:50:07","2024-06-07 18:50:07"
85,+591-68429238,vanessahowe@example.org,"2024-02-28 03:34:34","2024-03-03 03:34:34","2024-04-01 03:34:34"
86,+591-62279101,bernardlopez@example.com,"2024-04-05 13:05:38","2024-04-19 13:05:38","2024-05-07 13:05:38"
87,+591-62207365,baileyvaldez@example.com,"2024-02-15 22:22:06","2024-03-12 22:22:06","2024-03-18 22:22:06"
88,+591-68658225,william13@example.com,"2024-06-21 21:02:17","2024-06-25 21:02:17",NULL
89,+591-62819271,jacqueline87@example.org,"2024-06-23 00:02:39","2024-07-12 00:02:39","2024-07-14 00:02:39"
90,+591-62358222,mark10@example.org,"2024-06-01 18:44:10","2024-06-20 18:44:10",NULL
91,+591-69687924,nmartin@example.com,"2024-03-13 04:16:22","2024-03-29 04:16:22",NULL
92,+591-64618360,smithnicole@example.org,"2024-05-04 23:02:54","2024-05-22 23:02:54","2024-05-24 23:02:54"
93,+591-68192826,gwhitaker@example.com,"2024-02-16 01:08:04","2024-02-29 01:08:04","2024-03-05 01:08:04"
94,+591-65697733,griffintasha@example.com,"2024-01-06 11:13:33","2024-01-21 11:13:33","2024-02-13 11:13:33"
95,+591-62527837,xking@example.com,"2024-02-07 09:49:05","2024-02-20 09:49:05","2024-03-09 09:49:05"
96,+591-65874246,solson@example.net,"2024-01-01 04:46:45","2024-01-13 04:46:45","2024-02-05 04:46:45"
97,+591-67469727,briana65@example.com,"2024-06-02 21:39:51","2024-07-01 21:39:51",NULL
98,+591-65238029,bortiz@example.org,"2024-04-26 21:44:42","2024-04-28 21:44:42",NULL
99,+591-60597820,qcamacho@example.com,"2024-02-11 04:21:33","2024-03-12 04:21:33","2024-03-20 04:21:33"
100,268-950-4235,carsonpamela@example.org,"2024-05-16 04:37:21","2024-05-28 04:37:21",NULL
101,+591-6489806,cchaney@example.org,"2024-04-07 13:46:57","2024-05-05 13:46:57","2024-05-13 13:46:57"
102,+591-6394831,maria49@example.net,"2024-02-11 21:06:27","2024-02-15 21:06:27","2024-03-12 21:06:27"
103,+591-6850588,dominiquehayes@example.org,"2024-04-26 00:52:51","2024-05-12 00:52:51","2024-05-15 00:52:51"
104,+591-6389329,aharris@example.net,"2024-06-11 04:44:36","2024-07-08 04:44:36",NULL
105,+591-6360862,fmcknight@example.org,"2024-04-07 10:48:07","2024-05-03 10:48:07","2024-05-21 10:48:07"
106,+591-6261794,williamsgarrett@example.org,"2024-05-22 21:41:23","2024-06-02 21:41:23","2024-06-15 21:41:23"
107,+591-6859541,davidlyons@example.net,"2024-02-28 11:13:46","2024-03-08 11:13:46","2024-04-02 11:13:46"
108,+591-6763416,yfisher@example.org,"2024-02-03 01:58:29","2024-02-15 01:58:29",NULL
109,+591-6567569,dmartinez@example.net,"2024-01-28 15:15:17","2024-02-20 15:15:17","2024-02-27 15:15:17"
110,+591-6045571,kayla26@example.com,"2024-03-03 12:31:11","2024-03-04 12:31:11","2024-03-18 12:31:11"
111,+591-6932505,fullerrachel@example.net,"2024-01-02 11:57:48","2024-01-07 11:57:48","2024-02-05 11:57:48"
112,+591-6713484,dawn10@example.org,"2024-01-03 00:06:10","2024-01-14 00:06:10",NULL
113,+591-6960611,jordan30@example.com,"2024-01-09 12:17:44","2024-01-22 12:17:44","2024-01-28 12:17:44"
114,+591-6316378,christinapeterson@example.net,"2024-02-01 11:48:29","2024-02-28 11:48:29","2024-03-16 11:48:29"
115,+591-6055743,katherine12@example.net,"2024-02-27 16:37:16","2024-03-24 16:37:16",NULL
116,+591-6700441,qcooper@example.net,"2024-05-02 16:00:51","2024-05-24 16:00:51",NULL
117,+591-6259419,ryanhughes@example.net,"2024-03-08 12:02:01","2024-03-20 12:02:01","2024-03-24 12:02:01"
118,+591-6736700,thomas01@example.com,"2024-06-10 02:58:56","2024-06-24 02:58:56",NULL
119,+591-6215767,kathryn87@example.net,"2024-06-10 02:43:16","2024-07-09 02:43:16",NULL
120,+591-6781942,efields@example.net,"2024-04-07 09:49:17","2024-04-16 09:49:17",NULL
121,+591-6268700,charles83@example.com,"2024-03-25 13:18:37","2024-04-15 13:18:37",NULL
122,+591-6321704,zthomas@example.net,"2024-06-25 20:26:42","2024-07-19 20:26:42","2024-08-18 20:26:42"
123,+591-6898509,christophercruz@example.net,"2024-06-11 11:57:53","2024-06-26 11:57:53",NULL
124,+591-6617624,todd61@example.com,"2024-04-27 06:11:04","2024-05-16 06:11:04","2024-06-02 06:11:04"
125,+591-6079861,lisaduncan@example.com,"2024-01-04 08:42:27","2024-01-15 08:42:27","2024-02-13 08:42:27"
126,+591-6528512,samantha45@example.net,"2024-02-21 00:38:31","2024-03-19 00:38:31","2024-04-06 00:38:31"
127,+591-6338841,rbennett@example.net,"2024-04-13 11:46:56","2024-04-21 11:46:56","2024-05-17 11:46:56"
128,+591-6724796,oroberts@example.com,"2024-03-02 20:49:23","2024-03-08 20:49:23","2024-04-01 20:49:23"
129,+591-6675615,schmidttyler@example.org,"2024-03-06 15:23:42","2024-03-07 15:23:42",NULL
130,+591-6856364,hollyspencer@example.net,"2024-06-18 16:11:19","2024-06-23 16:11:19",NULL
131,+591-6219473,mcdowellabigail@example.net,"2024-01-18 11:30:36","2024-02-09 11:30:36","2024-02-14 11:30:36"
132,+591-6383546,morrisjessica@example.com,"2024-01-11 20:54:11","2024-01-23 20:54:11",NULL
133,+591-6742814,emurphy@example.net,"2024-03-12 16:24:21","2024-03-22 16:24:21",NULL
134,+591-6639901,nelsonsarah@example.com,"2024-03-18 14:01:23","2024-03-31 14:01:23","2024-04-11 14:01:23"
135,+591-6285414,clayton40@example.com,"2024-06-10 09:18:00","2024-06-28 09:18:00","2024-07-17 09:18:00"
136,+591-6912291,nelsongregory@example.net,"2024-01-28 11:41:51","2024-02-06 11:41:51","2024-02-18 11:41:51"
137,+591-6756576,qwoods@example.net,"2024-01-09 15:31:26","2024-01-13 15:31:26","2024-02-08 15:31:26"
138,+591-6205966,villanuevajoseph@example.org,"2024-03-21 22:25:31","2024-04-17 22:25:31",NULL
139,+591-6001380,michelle44@example.net,"2024-03-15 21:36:55","2024-04-04 21:36:55","2024-04-27 21:36:55"
140,+591-6674588,mooreaaron@example.net,"2024-01-30 09:02:51","2024-02-25 09:02:51",NULL
141,+591-6449534,vparrish@example.net,"2024-01-30 19:09:45","2024-02-28 19:09:45","2024-03-02 19:09:45"
142,+591-6215538,xsandoval@example.org,"2024-05-28 18:53:35","2024-06-14 18:53:35",NULL
143,+591-6311214,zlin@example.org,"2024-03-22 08:02:05","2024-03-25 08:02:05",NULL
144,+591-6643477,kyle14@example.com,"2024-02-20 22:24:00","2024-03-14 22:24:00",NULL
145,+591-6999865,suzanne69@example.net,"2024-06-24 09:09:12","2024-07-05 09:09:12","2024-07-18 09:09:12"
146,+591-6667325,dharvey@example.org,"2024-01-29 08:45:14","2024-01-30 08:45:14",NULL
147,+591-6345389,susan21@example.net,"2024-02-19 00:47:40","2024-02-26 00:47:40",NULL
148,+591-6363457,whitemichele@example.com,"2024-05-17 23:04:48","2024-06-10 23:04:48",NULL
149,+591-6214601,stephen83@example.com,"2024-04-28 03:36:53","2024-05-14 03:36:53","2024-06-02 03:36:53"
150,+591-6295954,rodriguezkara@example.net,"2024-04-15 17:40:37","2024-04-26 17:40:37","2024-05-09 17:40:37"
