create database healthSystem;
use healthSystem;

CREATE TABLE `Pacientes` (
  `id` integer PRIMARY KEY,
  `nombre` varchar(255),
  `fecha_nacimiento` date,
  `direccion` varchar(255),
  `id_contacto` integer,
  `created_at` timestamp,
  `updated_at` timestamp,
  `disabled_at` timestamp
);

CREATE TABLE `Profesionales_de_Salud` (
  `id` integer PRIMARY KEY,
  `nombre` varchar(255),
  `apellido` varchar(255),
  `id_contacto` integer,
  `id_especialidad` integer,
  `disponibilidad` text,
  `created_at` timestamp,
  `updated_at` timestamp,
  `disabled_at` timestamp
);

CREATE TABLE `Especialidades` (
  `id` integer PRIMARY KEY,
  `nombre` varchar(255),
  `descripcion` text,
  `created_at` timestamp,
  `updated_at` timestamp,
  `disabled_at` timestamp
);

CREATE TABLE `Citas` (
  `id` integer PRIMARY KEY,
  `id_paciente` integer,
  `id_profesional` integer,
  `id_centro` integer,
  `fecha` timestamp,
  `id_motivo` integer,
  `created_at` timestamp,
  `updated_at` timestamp,
  `disabled_at` timestamp
);

CREATE TABLE `Motivos` (
  `id` integer PRIMARY KEY,
  `descripcion` text,
  `created_at` timestamp,
  `updated_at` timestamp,
  `disabled_at` timestamp
);

CREATE TABLE `Localidades` (
  `id` integer PRIMARY KEY,
  `nombre` varchar(255),
  `codigo_postal` varchar(255),
  `created_at` timestamp,
  `updated_at` timestamp,
  `disabled_at` timestamp
);

CREATE TABLE `Centros_de_Salud` (
  `id` integer PRIMARY KEY,
  `nombre` varchar(255),
  `direccion` varchar(255),
  `id_localidad` integer,
  `id_contacto` integer,
  `created_at` timestamp,
  `updated_at` timestamp,
  `disabled_at` timestamp
);

CREATE TABLE `Contactos` (
  `id` integer PRIMARY KEY,
  `telefono` varchar(255),
  `email` varchar(255),
  `created_at` timestamp,
  `updated_at` timestamp,
  `disabled_at` timestamp
);

ALTER TABLE `Profesionales_de_Salud` ADD FOREIGN KEY (`id_especialidad`) REFERENCES `Especialidades` (`id`);

ALTER TABLE `Profesionales_de_Salud` ADD FOREIGN KEY (`id_contacto`) REFERENCES `Contactos` (`id`);

ALTER TABLE `Pacientes` ADD FOREIGN KEY (`id_contacto`) REFERENCES `Contactos` (`id`);

ALTER TABLE `Citas` ADD FOREIGN KEY (`id_paciente`) REFERENCES `Pacientes` (`id`);

ALTER TABLE `Citas` ADD FOREIGN KEY (`id_profesional`) REFERENCES `Profesionales_de_Salud` (`id`);

ALTER TABLE `Citas` ADD FOREIGN KEY (`id_centro`) REFERENCES `Centros_de_Salud` (`id`);

ALTER TABLE `Citas` ADD FOREIGN KEY (`id_motivo`) REFERENCES `Motivos` (`id`);

ALTER TABLE `Centros_de_Salud` ADD FOREIGN KEY (`id_localidad`) REFERENCES `Localidades` (`id`);

ALTER TABLE `Centros_de_Salud` ADD FOREIGN KEY (`id_contacto`) REFERENCES `Contactos` (`id`);

INSERT INTO Localidades (id, nombre, codigo_postal, created_at, updated_at, disabled_at)
VALUES
(1, 'La Paz', '0101', '2022-09-29 22:10:15', '2022-12-28 22:10:15', NULL),
(2, 'Santa Cruz de la Sierra', '0201', '2023-05-13 22:10:15', '2023-06-25 22:10:15', '2023-08-21 22:10:15'),
(3, 'Cochabamba', '0301', '2022-02-18 22:10:15', '2022-03-14 22:10:15', NULL),
(4, 'Sucre', '0401', '2021-11-20 22:10:15', '2021-12-04 22:10:15', NULL),
(5, 'Oruro', '0501', '2024-05-22 22:10:15', '2024-07-22 22:10:15', NULL),
(6, 'Potosí', '0601', '2022-01-08 22:10:15', '2022-01-22 22:10:15', NULL),
(7, 'Tarija', '0701', '2023-11-23 22:10:15', '2024-01-29 22:10:15', NULL),
(8, 'Trinidad', '0801', '2022-05-08 22:10:15', '2022-05-28 22:10:15', '2022-07-27 22:10:15'),
(9, 'Cobija', '0901', '2021-12-06 22:10:15', '2022-03-11 22:10:15', '2022-05-22 22:10:15'),
(10, 'El Alto', '0102', '2021-12-22 22:10:15', '2022-02-13 22:10:15', '2022-03-01 22:10:15'),
(11, 'Sacaba', '0302', '2024-01-02 22:10:15', '2024-02-19 22:10:15', '2024-03-23 22:10:15'),
(12, 'Quillacollo', '0303', '2023-07-10 22:10:15', '2023-08-22 22:10:15', '2023-09-30 22:10:15');

INSERT INTO Especialidades (id, nombre, descripcion, created_at, updated_at, disabled_at)
VALUES
(1, 'Cardiologia', 'Especialidad medica que se encarga del estudio, diagnostico y tratamiento de las enfermedades del corazon y del sistema circulatorio.', '2023-08-25 22:07:17.523266', '2023-10-15 22:07:17.523266', '2023-10-25 22:07:17.523266'),
(2, 'Dermatologia', 'Rama de la medicina que se encarga del estudio de la piel, su estructura, funcion y enfermedades.', '2023-02-18 22:07:17.523266', '2023-05-02 22:07:17.523266', NULL),
(3, 'Gastroenterologia', 'Especialidad medica que se ocupa del estudio, diagnostico y tratamiento de las enfermedades del aparato digestivo.', '2022-05-10 22:07:17.523266', '2022-05-25 22:07:17.523266', '2022-07-02 22:07:17.523266'),
(4, 'Neurologia', 'Rama de la medicina que estudia el sistema nervioso y sus enfermedades.', '2022-11-30 22:07:17.523266', '2023-02-07 22:07:17.523266', NULL),
(5, 'Oncologia', 'Especialidad medica dedicada al estudio y tratamiento del cancer.', '2023-12-21 22:07:17.523266', '2024-02-25 22:07:17.523266', NULL),
(6, 'Pediatria', 'Rama de la medicina que estudia al nino y sus enfermedades.', '2022-05-06 22:07:17.523266', '2022-05-17 22:07:17.523266', '2022-08-23 22:07:17.523266'),
(7, 'Psiquiatria', 'Especialidad medica que se ocupa del estudio, diagnostico y tratamiento de las enfermedades mentales.', '2023-01-31 22:07:17.523266', '2023-02-19 22:07:17.523266', '2023-04-12 22:07:17.523266'),
(8, 'Reumatologia', 'Rama de la medicina que se dedica al estudio de las enfermedades reumaticas.', '2023-08-18 22:07:17.523266', '2023-10-04 22:07:17.523266', '2023-11-21 22:07:17.523266'),
(9, 'Urologia', 'Especialidad medica que se encarga del estudio y tratamiento de las enfermedades del sistema urinario.', '2022-06-15 22:07:17.523266', '2022-08-13 22:07:17.523266', '2022-08-18 22:07:17.523266'),
(10, 'Endocrinologia', 'Rama de la medicina que se ocupa del estudio y tratamiento de las enfermedades del sistema endocrino.', '2021-11-07 22:07:17.523266', '2022-01-18 22:07:17.523266', NULL);

INSERT INTO Motivos (id, descripcion, created_at, updated_at, disabled_at)
VALUES
(1, 'Dolor toracico', '2024-03-12 07:42:00', '2024-04-04 07:42:00', NULL),
(2, 'Perdida de movilidad en las articulaciones', '2024-03-02 18:40:00', '2024-03-14 18:40:00', NULL),
(3, 'Dificultad para respirar', '2024-05-29 02:15:00', '2024-06-10 02:15:00', '2024-06-11 02:15:00'),
(4, 'Mareos y desmayos', '2024-04-19 07:44:00', '2024-05-15 07:44:00', '2024-06-04 07:44:00'),
(5, 'Hinchazon en piernas y tobillos', '2024-06-06 23:08:00', '2024-06-15 23:08:00', '2024-07-09 23:08:00'),
(6, 'Presion arterial alta', '2024-03-01 05:38:00', '2024-03-22 05:38:00', '2024-03-28 05:38:00'),
(7, 'Fatiga inusual', '2024-01-28 18:38:00', '2024-02-16 18:38:00', NULL),
(8, 'Latidos cardiacos irregulares', '2024-05-02 19:41:00', '2024-05-24 19:41:00', NULL),
(9, 'Dolor en el brazo izquierdo', '2024-04-22 15:53:00', '2024-05-10 15:53:00', NULL),
(10, 'Problemas de colesterol alto', '2024-06-21 21:04:00', '2024-06-23 21:04:00', '2024-07-09 21:04:00'),
(11, 'Erupciones cutaneas', '2024-04-24 16:42:00', '2024-05-15 16:42:00', '2024-06-13 16:42:00'),
(12, 'Acne severo', '2024-04-01 22:47:00', '2024-04-03 22:47:00', NULL),
(13, 'Nodulos bajo la piel', '2024-04-17 02:00:00', '2024-04-24 02:00:00', NULL),
(14, 'Unas fragiles y deformadas', '2024-04-05 11:43:00', '2024-04-16 11:43:00', NULL),
(15, 'Psoriasis', '2024-03-09 09:02:00', '2024-04-05 09:02:00', NULL),
(16, 'Lunares cambiantes', '2024-01-01 00:41:00', '2024-01-24 00:41:00', NULL),
(17, 'Sangre en la orina', '2024-06-22 21:15:00', '2024-07-12 21:15:00', '2024-08-04 21:15:00'),
(18, 'Infecciones cutaneas', '2024-04-27 20:32:00', '2024-05-20 20:32:00', '2024-05-29 20:32:00'),
(19, 'Manchas oscuras en la piel', '2024-02-16 21:27:00', '2024-03-15 21:27:00', '2024-03-31 21:27:00'),
(20, 'Verrugas', '2024-05-28 22:41:00', '2024-05-29 22:41:00', NULL),
(21, 'Dolor abdominal', '2024-02-03 00:44:00', '2024-02-28 00:44:00', NULL),
(22, 'Reflujo acido', '2024-06-23 21:17:00', '2024-06-30 21:17:00', NULL),
(23, 'Diarrea cronica', '2024-04-03 00:13:00', '2024-04-29 00:13:00', '2024-05-02 00:13:00'),
(24, 'Estrenimiento severo', '2024-04-16 04:04:00', '2024-05-11 04:04:00', NULL),
(25, 'Sangre en las heces', '2024-05-22 11:32:00', '2024-05-23 11:32:00', NULL),
(26, 'Nauseas y vomitos persistentes', '2024-05-26 22:25:00', '2024-06-22 22:25:00', '2024-06-27 22:25:00'),
(27, 'Perdida de peso inexplicable', '2024-05-11 11:04:00', '2024-06-01 11:04:00', NULL),
(28, 'Ictericia (piel y ojos amarillos)', '2024-06-11 07:01:00', '2024-06-30 07:01:00', '2024-07-23 07:01:00'),
(29, 'Alteraciones menstruales', '2024-03-12 15:44:00', '2024-03-13 15:44:00', '2024-03-18 15:44:00'),
(30, 'Inflamacion abdominal', '2024-05-20 10:25:00', '2024-06-13 10:25:00', NULL),
(31, 'Dolores de cabeza recurrentes', '2024-03-21 16:58:00', '2024-04-13 16:58:00', NULL),
(32, 'Migranas', '2024-01-26 20:39:00', '2024-02-24 20:39:00', NULL),
(33, 'Problemas de memoria', '2024-06-05 16:13:00', '2024-06-11 16:13:00', NULL),
(34, 'Convulsiones', '2024-02-17 07:14:00', '2024-03-12 07:14:00', '2024-03-27 07:14:00'),
(35, 'Mareos y vertigo', '2024-03-02 01:18:00', '2024-03-07 01:18:00', '2024-03-28 01:18:00'),
(36, 'Debilidad muscular', '2024-03-10 04:17:00', '2024-04-03 04:17:00', '2024-04-06 04:17:00'),
(37, 'Hormigueo o entumecimiento', '2024-01-15 11:29:00', '2024-02-03 11:29:00', NULL),
(38, 'Dificultad para hablar', '2024-01-30 03:06:00', '2024-02-27 03:06:00', '2024-03-11 03:06:00'),
(39, 'Problemas de coordinacion', '2024-03-17 12:10:00', '2024-03-23 12:10:00', '2024-03-29 12:10:00'),
(40, 'Temblor involuntario', '2024-03-20 12:58:00', '2024-04-12 12:58:00', NULL),
(41, 'Bultos o masas anormales', '2024-03-03 13:02:00', '2024-03-27 13:02:00', NULL),
(42, 'Perdida de peso significativa y sin razon aparente', '2024-02-25 21:13:00', '2024-03-04 21:13:00', '2024-03-16 21:13:00'),
(43, 'Cansancio extremo', '2024-04-24 10:00:00', '2024-04-24 10:00:00', NULL),
(44, 'Dolor persistente y sin causa clara', '2024-06-12 03:45:00', '2024-06-23 03:45:00', NULL),
(45, 'Cambios en el apetito', '2024-01-21 14:43:00', '2024-02-16 14:43:00', '2024-02-23 14:43:00'),
(46, 'Retraso en el crecimiento', '2024-01-01 03:33:00', '2024-01-21 03:33:00', '2024-02-02 03:33:00'),
(47, 'Problemas de desarrollo', '2024-03-15 16:14:00', '2024-04-07 16:14:00', '2024-04-29 16:14:00'),
(48, 'Depresion persistente', '2024-03-05 22:00:00', '2024-03-27 22:00:00', NULL),
(49, 'Trastornos del sueno', '2024-02-17 14:44:00', '2024-02-28 14:44:00', NULL),
(50, 'Inflamacion articular', '2024-05-29 11:02:00', '2024-05-30 11:02:00', NULL);

INSERT INTO Contactos (id, telefono, email, created_at, updated_at, disabled_at)
VALUES
(1, '+591-71946112', 'nicholaslong@example.com', '2024-02-03 15:54:28.954873', '2024-03-04 15:54:28.954873', NULL),
(2, '+591-74903689', 'matthewmorris@example.com', '2024-04-18 10:13:20.981569', '2024-05-16 10:13:20.981569', '2024-06-05 10:13:20.981569'),
(3, '+591-75278131', 'cmorgan@example.org', '2024-04-03 01:47:38.711262', '2024-04-15 01:47:38.711262', NULL),
(4, '+591-75747082', 'gallaghermark@example.com', '2024-03-22 12:46:32.008032', '2024-03-30 12:46:32.008032', '2024-04-03 12:46:32.008032'),
(5, '+591-70012132', 'yjones@example.net', '2024-02-04 14:36:57.534083', '2024-02-22 14:36:57.534083', '2024-03-09 14:36:57.534083'),
(6, '+591-70016756', 'justin76@example.net', '2024-06-24 13:05:48.664550', '2024-07-19 13:05:48.664550', '2024-08-17 13:05:48.664550'),
(7, '+591-70016842', 'kenneth80@example.net', '2024-04-16 15:07:39.755721', '2024-05-16 15:07:39.755721', '2024-05-18 15:07:39.755721'),
(8, '+591-78775958', 'chenlacey@example.org', '2024-01-10 04:16:43.051345', '2024-01-19 04:16:43.051345', NULL),
(9, '+591-70018988', 'daniel45@example.net', '2024-06-09 06:35:22.171430', '2024-06-10 06:35:22.171430', NULL),
(10, '+591-77757859', 'hollyprice@example.org', '2024-03-12 01:10:53.914024', '2024-03-12 01:10:53.914024', NULL),
(11, '+591-70015508', 'angelahall@example.com', '2024-04-27 18:36:55.622995', '2024-05-22 18:36:55.622995', '2024-05-23 18:36:55.622995'),
(12, '+591-72126244', 'kelly75@example.com', '2024-04-26 18:00:55.969288', '2024-05-16 18:00:55.969288', '2024-05-23 18:00:55.969288'),
(13, '+591-76638095', 'jason54@example.net', '2024-02-29 23:43:59.275494', '2024-03-02 23:43:59.275494', '2024-03-10 23:43:59.275494'),
(14, '+591-77854187', 'lisahernandez@example.com', '2024-01-19 22:47:43.557525', '2024-02-02 22:47:43.557525', NULL),
(15, '+591-72557015', 'lindsey82@example.com', '2024-01-16 09:29:12.744210', '2024-02-06 09:29:12.744210', NULL),
(16, '+591-79962281', 'heathsusan@example.org', '2024-05-06 20:05:52.418242', '2024-05-31 20:05:52.418242', '2024-06-22 20:05:52.418242'),
(17, '+591-74637064', 'jenniferherrera@example.net', '2024-03-16 03:27:42.511548', '2024-03-17 03:27:42.511548', NULL),
(18, '+591-71210953', 'brianjones@example.net', '2024-06-15 22:12:50.389877', '2024-07-02 22:12:50.389877', NULL),
(19, '+591-70013555', 'fredericklacey@example.com', '2024-05-29 12:17:57.290063', '2024-06-03 12:17:57.290063', NULL),
(20, '+591-70015219', 'scottmyers@example.org', '2024-02-04 15:16:53.042600', '2024-03-02 15:16:53.042600', NULL),
(21, '+591-70019485', 'barkersean@example.net', '2024-06-20 01:40:58.323010', '2024-06-28 01:40:58.323010', NULL),
(22, '+591-72273601', 'albert46@example.com', '2024-06-05 11:50:29.759806', '2024-06-27 11:50:29.759806', '2024-06-29 11:50:29.759806'),
(23, '+591-77467663', 'anthony84@example.net', '2024-03-24 14:49:35.515687', '2024-04-22 14:49:35.515687', '2024-04-26 14:49:35.515687'),
(24, '+591-72187563', 'jthomas@example.com', '2024-06-13 11:03:17.134401', '2024-06-24 11:03:17.134401', NULL),
(25, '+591-72319496', 'brian52@example.com', '2024-06-04 01:44:56.591313', '2024-06-11 01:44:56.591313', NULL),
(26, '+591-78645137', 'matthewgonzalez@example.com', '2024-06-09 11:05:32.807696', '2024-06-10 11:05:32.807696', NULL),
(27, '+591-72822687', 'wwilson@example.net', '2024-06-24 02:45:32.546021', '2024-06-27 02:45:32.546021', '2024-07-27 02:45:32.546021'),
(28, '+591-79567924', 'mitchell66@example.com', '2024-02-19 12:56:44.596628', '2024-03-04 12:56:44.596628', '2024-03-27 12:56:44.596628'),
(29, '+591-76992483', 'jenniferforbes@example.net', '2024-02-14 15:46:29.446564', '2024-02-15 15:46:29.446564', NULL),
(30, '+591-74812799', 'jill17@example.org', '2024-06-21 07:20:24.535440', '2024-07-12 07:20:24.535440', NULL),
(31, '+591-74922274', 'clarkkelly@example.com', '2024-04-10 07:42:54.732170', '2024-04-27 07:42:54.732170', '2024-05-09 07:42:54.732170'),
(32, '+591-78329514', 'floresmark@example.com', '2024-04-28 16:31:55.708080', '2024-05-25 16:31:55.708080', NULL),
(33, '+591-77826876', 'andreaponce@example.com', '2024-02-29 11:15:31.136930', '2024-03-28 11:15:31.136930', NULL),
(34, '+591-72529761', 'qjuarez@example.net', '2024-01-16 10:48:05.901463', '2024-02-06 10:48:05.901463', '2024-03-05 10:48:05.901463'),
(35, '+591-73403990', 'pmiles@example.net', '2024-01-12 21:04:11.230123', '2024-02-11 21:04:11.230123', '2024-03-05 21:04:11.230123'),
(36, '+591-76718082', 'laurawhitaker@example.org', '2024-06-12 09:27:02.682882', '2024-06-15 09:27:02.682882', NULL),
(37, '+591-78132664', 'john04@example.com', '2024-05-04 18:37:36.446232', '2024-06-01 18:37:36.446232', '2024-07-01 18:37:36.446232'),
(38, '+591-70013768', 'ydavidson@example.com', '2024-04-21 13:55:00.173593', '2024-05-10 13:55:00.173593', '2024-05-17 13:55:00.173593'),
(39, '+591-78816981', 'michaelharper@example.org', '2024-03-16 20:36:35.390246', '2024-04-01 20:36:35.390246', '2024-04-25 20:36:35.390246'),
(40, '+591-74003161', 'gamblejohn@example.com', '2024-02-10 13:08:02.127216', '2024-02-15 13:08:02.127216', NULL),
(41, '+591-73928449', 'hector83@example.net', '2024-01-10 17:38:25.543091', '2024-01-10 17:38:25.543091', '2024-02-01 17:38:25.543091'),
(42, '+591-78822604', 'fwebb@example.org', '2024-06-08 09:38:31.305552', '2024-06-14 09:38:31.305552', '2024-07-02 09:38:31.305552'),
(43, '+591-79403979', 'jmccarthy@example.org', '2024-05-15 20:45:51.772594', '2024-05-16 20:45:51.772594', '2024-05-24 20:45:51.772594'),
(44, '+591-79652480', 'uwhite@example.com', '2024-06-24 04:11:25.410289', '2024-07-16 04:11:25.410289', NULL),
(45, '+591-73352488', 'pleonard@example.net', '2024-04-06 07:43:50.781982', '2024-04-25 07:43:50.781982', NULL),
(46, '+591-79228030', 'gallen@example.com', '2024-03-11 22:21:35.810376', '2024-04-03 22:21:35.810376', NULL),
(47, '+591-70016166', 'kim39@example.org', '2024-03-27 18:16:38.644827', '2024-04-03 18:16:38.644827', '2024-04-27 18:16:38.644827'),
(48, '+591-73076606', 'christopher54@example.com', '2024-01-14 09:49:15.841070', '2024-01-19 09:49:15.841070', '2024-02-05 09:49:15.841070'),
(49, '+591-76127151', 'wilsondeanna@example.org', '2024-02-14 12:30:46.132571', '2024-02-14 12:30:46.132571', '2024-03-10 12:30:46.132571'),
(50, '+591-76749195', 'connie66@example.org', '2024-04-18 21:49:41.720985', '2024-05-16 21:49:41.720985', NULL),
(51, '+591-79724152', 'brownsteven@example.org', '2024-02-10 16:10:05.390002', '2024-03-09 16:10:05.390002', '2024-03-17 16:10:05.390002'),
(52, '+591-72967377', 'danielbrown@example.org', '2024-05-11 22:22:45.429569', '2024-06-03 22:22:45.429569', NULL),
(53, '+591-75498694', 'raymondlee@example.net', '2024-06-23 04:12:32.691967', '2024-06-29 04:12:32.691967', NULL),
(54, '+591-70013975', 'kimwade@example.net', '2024-04-06 21:23:17.994843', '2024-05-03 21:23:17.994843', '2024-05-08 21:23:17.994843'),
(55, '+591-79458843', 'aaronwatkins@example.net', '2024-02-11 19:00:36.115240', '2024-02-22 19:00:36.115240', '2024-03-09 19:00:36.115240'),
(56, '+591-78462968', 'zfuentes@example.com', '2024-06-21 02:20:31.256615', '2024-07-08 02:20:31.256615', '2024-08-01 02:20:31.256615'),
(57, '+591-78656078', 'jpadilla@example.org', '2024-04-02 04:43:41.281784', '2024-04-13 04:43:41.281784', NULL),
(58, '+591-79236914', 'castromegan@example.net', '2024-03-11 10:07:54.027308', '2024-03-29 10:07:54.027308', NULL),
(59, '+591-72549371', 'misty12@example.org', '2024-02-13 21:05:40.195661', '2024-03-08 21:05:40.195661', NULL),
(60, '+591-77092583', 'wrush@example.org', '2024-04-07 03:32:23.161245', '2024-04-11 03:32:23.161245', '2024-04-25 03:32:23.161245'),
(61, '+591-72048290', 'aliciaberry@example.com', '2024-04-20 01:13:25.407043', '2024-05-07 01:13:25.407043', '2024-05-24 01:13:25.407043'),
(62, '+591-78776215', 'tylerconner@example.com', '2024-04-14 03:27:27.304343', '2024-05-02 03:27:27.304343', '2024-05-11 03:27:27.304343'),
(63, '+591-73916485', 'odean@example.net', '2024-01-23 13:54:16.546051', '2024-02-10 13:54:16.546051', '2024-02-18 13:54:16.546051'),
(64, '+591-72588702', 'samantha68@example.org', '2024-05-26 02:25:24.445785', '2024-06-24 02:25:24.445785', NULL),
(65, '+591-73769609', 'vdickerson@example.org', '2024-03-31 11:01:48.159852', '2024-04-02 11:01:48.159852', NULL),
(66, '+591-78232239', 'roachjennifer@example.net', '2024-04-11 12:24:38.451662', '2024-05-01 12:24:38.451662', NULL),
(67, '+591-73443273', 'barbara66@example.com', '2024-02-19 05:24:05.130301', '2024-03-09 05:24:05.130301', '2024-03-15 05:24:05.130301'),
(68, '+591-73208698', 'olsondavid@example.net', '2024-04-05 09:40:02.604860', '2024-05-03 09:40:02.604860', '2024-05-08 09:40:02.604860'),
(69, '+591-77204431', 'gedwards@example.net', '2024-03-05 19:00:35.887532', '2024-03-31 19:00:35.887532', '2024-04-13 19:00:35.887532'),
(70, '+591-77134195', 'yhuffman@example.org', '2024-04-21 20:33:20.513226', '2024-04-29 20:33:20.513226', '2024-05-01 20:33:20.513226'),
(71, '+591-75865329', 'todd12@example.com', '2024-05-23 20:29:32.799357', '2024-06-04 20:29:32.799357', '2024-06-12 20:29:32.799357'),
(72, '+591-71285065', 'kristin83@example.org', '2024-05-25 00:11:08.714072', '2024-06-14 00:11:08.714072', NULL),
(73, '+591-76785217', 'josephmcdonald@example.com', '2024-03-31 12:41:55.056685', '2024-03-31 12:41:55.056685', '2024-04-22 12:41:55.056685'),
(74, '+591-79378249', 'amandarodriguez@example.com', '2024-06-01 16:44:32.067775', '2024-06-15 16:44:32.067775', '2024-07-11 16:44:32.067775'),
(75, '+591-72243507', 'lauraperez@example.com', '2024-03-06 21:37:38.499592', '2024-03-26 21:37:38.499592', '2024-04-24 21:37:38.499592'),
(76, '+591-65038527', 'patrick91@example.org', '2024-04-05 16:07:44.390570', '2024-04-28 16:07:44.390570', NULL),
(77, '+591-62243247', 'tracyyang@example.org', '2024-03-31 16:07:00.588558', '2024-04-24 16:07:00.588558', NULL),
(78, '+591-68827639', 'gscott@example.org', '2024-06-16 06:12:04.346237', '2024-07-04 06:12:04.346237', NULL),
(79, '+591-68695437', 'cindy34@example.net', '2024-05-26 01:01:44.877769', '2024-05-31 01:01:44.877769', '2024-06-13 01:01:44.877769'),
(80, '+591-69279003', 'jasonwall@example.org', '2024-05-15 05:58:43.800086', '2024-05-20 05:58:43.800086', NULL),
(81, '+591-63785500', 'lisadavis@example.net', '2024-01-19 19:12:45.531725', '2024-02-12 19:12:45.531725', '2024-02-13 19:12:45.531725'),
(82, '+591-66926940', 'kelseycollier@example.org', '2024-06-18 14:23:44.665543', '2024-06-27 14:23:44.665543', '2024-07-10 14:23:44.665543'),
(83, '+591-65652501', 'kharris@example.com', '2024-01-03 21:38:50.570026', '2024-01-26 21:38:50.570026', '2024-02-04 21:38:50.570026'),
(84, '+591-62894458', 'christinehogan@example.com', '2024-04-27 18:50:07.205566', '2024-05-25 18:50:07.205566', '2024-06-07 18:50:07.205566'),
(85, '+591-68429238', 'vanessahowe@example.org', '2024-02-28 03:34:34.324253', '2024-03-03 03:34:34.324253', '2024-04-01 03:34:34.324253'),
(86, '+591-62279101', 'bernardlopez@example.com', '2024-04-05 13:05:38.394305', '2024-04-19 13:05:38.394305', '2024-05-07 13:05:38.394305'),
(87, '+591-62207365', 'baileyvaldez@example.com', '2024-02-15 22:22:06.045811', '2024-03-12 22:22:06.045811', '2024-03-18 22:22:06.045811'),
(88, '+591-68658225', 'william13@example.com', '2024-06-21 21:02:16.535597', '2024-06-25 21:02:16.535597', NULL),
(89, '+591-62819271', 'jacqueline87@example.org', '2024-06-23 00:02:39.468257', '2024-07-12 00:02:39.468257', '2024-07-14 00:02:39.468257'),
(90, '+591-62358222', 'mark10@example.org', '2024-06-01 18:44:10.392379', '2024-06-20 18:44:10.392379', NULL),
(91, '+591-69687924', 'nmartin@example.com', '2024-03-13 04:16:21.762017', '2024-03-29 04:16:21.762017', NULL),
(92, '+591-64618360', 'smithnicole@example.org', '2024-05-04 23:02:53.605370', '2024-05-22 23:02:53.605370', '2024-05-24 23:02:53.605370'),
(93, '+591-68192826', 'gwhitaker@example.com', '2024-02-16 01:08:04.056880', '2024-02-29 01:08:04.056880', '2024-03-05 01:08:04.056880'),
(94, '+591-65697733', 'griffintasha@example.com', '2024-01-06 11:13:33.307101', '2024-01-21 11:13:33.307101', '2024-02-13 11:13:33.307101'),
(95, '+591-62527837', 'xking@example.com', '2024-02-07 09:49:05.425254', '2024-02-20 09:49:05.425254', '2024-03-09 09:49:05.425254'),
(96, '+591-65874246', 'solson@example.net', '2024-01-01 04:46:45.253188', '2024-01-13 04:46:45.253188', '2024-02-05 04:46:45.253188'),
(97, '+591-67469727', 'briana65@example.com', '2024-06-02 21:39:50.605359', '2024-07-01 21:39:50.605359', NULL),
(98, '+591-65238029', 'bortiz@example.org', '2024-04-26 21:44:42.102150', '2024-04-28 21:44:42.102150', NULL),
(99, '+591-60597820', 'qcamacho@example.com', '2024-02-11 04:21:32.897216', '2024-03-12 04:21:32.897216', '2024-03-20 04:21:32.897216'),
(100, '268-950-4235', 'carsonpamela@example.org', '2024-05-16 04:37:20.918982', '2024-05-28 04:37:20.918982', NULL),
(101, '+591-6489806', 'cchaney@example.org', '2024-04-07 13:46:57.056232', '2024-05-05 13:46:57.056232', '2024-05-13 13:46:57.056232'),
(102, '+591-6394831', 'maria49@example.net', '2024-02-11 21:06:27.119579', '2024-02-15 21:06:27.119579', '2024-03-12 21:06:27.119579'),
(103, '+591-6850588', 'dominiquehayes@example.org', '2024-04-26 00:52:50.958882', '2024-05-12 00:52:50.958882', '2024-05-15 00:52:50.958882'),
(104, '+591-6389329', 'aharris@example.net', '2024-06-11 04:44:36.337415', '2024-07-08 04:44:36.337415', NULL),
(105, '+591-6360862', 'fmcknight@example.org', '2024-04-07 10:48:07.458879', '2024-05-03 10:48:07.458879', '2024-05-21 10:48:07.458879'),
(106, '+591-6261794', 'williamsgarrett@example.org', '2024-05-22 21:41:22.998903', '2024-06-02 21:41:22.998903', '2024-06-15 21:41:22.998903'),
(107, '+591-6859541', 'davidlyons@example.net', '2024-02-28 11:13:45.962606', '2024-03-08 11:13:45.962606', '2024-04-02 11:13:45.962606'),
(108, '+591-6763416', 'yfisher@example.org', '2024-02-03 01:58:29.200761', '2024-02-15 01:58:29.200761', NULL),
(109, '+591-6567569', 'dmartinez@example.net', '2024-01-28 15:15:17.456277', '2024-02-20 15:15:17.456277', '2024-02-27 15:15:17.456277'),
(110, '+591-6045571', 'kayla26@example.com', '2024-03-03 12:31:11.104492', '2024-03-04 12:31:11.104492', '2024-03-18 12:31:11.104492'),
(111, '+591-6932505', 'fullerrachel@example.net', '2024-01-02 11:57:47.824640', '2024-01-07 11:57:47.824640', '2024-02-05 11:57:47.824640'),
(112, '+591-6713484', 'dawn10@example.org', '2024-01-03 00:06:10.151207', '2024-01-14 00:06:10.151207', NULL),
(113, '+591-6960611', 'jordan30@example.com', '2024-01-09 12:17:43.870838', '2024-01-22 12:17:43.870838', '2024-01-28 12:17:43.870838'),
(114, '+591-6316378', 'christinapeterson@example.net', '2024-02-01 11:48:28.550194', '2024-02-28 11:48:28.550194', '2024-03-16 11:48:28.550194'),
(115, '+591-6055743', 'katherine12@example.net', '2024-02-27 16:37:16.129464', '2024-03-24 16:37:16.129464', NULL),
(116, '+591-6700441', 'qcooper@example.net', '2024-05-02 16:00:51.184828', '2024-05-24 16:00:51.184828', NULL),
(117, '+591-6259419', 'ryanhughes@example.net', '2024-03-08 12:02:00.770560', '2024-03-20 12:02:00.770560', '2024-03-24 12:02:00.770560'),
(118, '+591-6736700', 'thomas01@example.com', '2024-06-10 02:58:56.314163', '2024-06-24 02:58:56.314163', NULL),
(119, '+591-6215767', 'kathryn87@example.net', '2024-06-10 02:43:15.876323', '2024-07-09 02:43:15.876323', NULL),
(120, '+591-6781942', 'efields@example.net', '2024-04-07 09:49:17.375408', '2024-04-16 09:49:17.375408', NULL),
(121, '+591-6268700', 'charles83@example.com', '2024-03-25 13:18:37.053159', '2024-04-15 13:18:37.053159', NULL),
(122, '+591-6321704', 'zthomas@example.net', '2024-06-25 20:26:41.512948', '2024-07-19 20:26:41.512948', '2024-08-18 20:26:41.512948'),
(123, '+591-6898509', 'christophercruz@example.net', '2024-06-11 11:57:52.635724', '2024-06-26 11:57:52.635724', NULL),
(124, '+591-6617624', 'todd61@example.com', '2024-04-27 06:11:03.721130', '2024-05-16 06:11:03.721130', '2024-06-02 06:11:03.721130'),
(125, '+591-6079861', 'lisaduncan@example.com', '2024-01-04 08:42:27.430271', '2024-01-15 08:42:27.430271', '2024-02-13 08:42:27.430271'),
(126, '+591-6528512', 'samantha45@example.net', '2024-02-21 00:38:30.842370', '2024-03-19 00:38:30.842370', '2024-04-06 00:38:30.842370'),
(127, '+591-6338841', 'rbennett@example.net', '2024-04-13 11:46:55.552822', '2024-04-21 11:46:55.552822', '2024-05-17 11:46:55.552822'),
(128, '+591-6724796', 'oroberts@example.com', '2024-03-02 20:49:23.189437', '2024-03-08 20:49:23.189437', '2024-04-01 20:49:23.189437'),
(129, '+591-6675615', 'schmidttyler@example.org', '2024-03-06 15:23:42.068277', '2024-03-07 15:23:42.068277', NULL),
(130, '+591-6856364', 'hollyspencer@example.net', '2024-06-18 16:11:18.657136', '2024-06-23 16:11:18.657136', NULL),
(131, '+591-6219473', 'mcdowellabigail@example.net', '2024-01-18 11:30:35.910509', '2024-02-09 11:30:35.910509', '2024-02-14 11:30:35.910509'),
(132, '+591-6383546', 'morrisjessica@example.com', '2024-01-11 20:54:11.402393', '2024-01-23 20:54:11.402393', NULL),
(133, '+591-6742814', 'emurphy@example.net', '2024-03-12 16:24:20.606349', '2024-03-22 16:24:20.606349', NULL),
(134, '+591-6639901', 'nelsonsarah@example.com', '2024-03-18 14:01:23.142977', '2024-03-31 14:01:23.142977', '2024-04-11 14:01:23.142977'),
(135, '+591-6285414', 'clayton40@example.com', '2024-06-10 09:18:00.331859', '2024-06-28 09:18:00.331859', '2024-07-17 09:18:00.331859'),
(136, '+591-6912291', 'nelsongregory@example.net', '2024-01-28 11:41:51.466112', '2024-02-06 11:41:51.466112', '2024-02-18 11:41:51.466112'),
(137, '+591-6756576', 'qwoods@example.net', '2024-01-09 15:31:25.875681', '2024-01-13 15:31:25.875681', '2024-02-08 15:31:25.875681'),
(138, '+591-6205966', 'villanuevajoseph@example.org', '2024-03-21 22:25:31.429369', '2024-04-17 22:25:31.429369', NULL),
(139, '+591-6001380', 'michelle44@example.net', '2024-03-15 21:36:55.019695', '2024-04-04 21:36:55.019695', '2024-04-27 21:36:55.019695'),
(140, '+591-6674588', 'mooreaaron@example.net', '2024-01-30 09:02:51.497937', '2024-02-25 09:02:51.497937', NULL),
(141, '+591-6449534', 'vparrish@example.net', '2024-01-30 19:09:44.726035', '2024-02-28 19:09:44.726035', '2024-03-02 19:09:44.726035'),
(142, '+591-6215538', 'xsandoval@example.org', '2024-05-28 18:53:34.510699', '2024-06-14 18:53:34.510699', NULL),
(143, '+591-6311214', 'zlin@example.org', '2024-03-22 08:02:04.675470', '2024-03-25 08:02:04.675470', NULL),
(144, '+591-6643477', 'kyle14@example.com', '2024-02-20 22:23:59.698988', '2024-03-14 22:23:59.698988', NULL),
(145, '+591-6999865', 'suzanne69@example.net', '2024-06-24 09:09:12.231692', '2024-07-05 09:09:12.231692', '2024-07-18 09:09:12.231692'),
(146, '+591-6667325', 'dharvey@example.org', '2024-01-29 08:45:13.727472', '2024-01-30 08:45:13.727472', NULL),
(147, '+591-6345389', 'susan21@example.net', '2024-02-19 00:47:40.485029', '2024-02-26 00:47:40.485029', NULL),
(148, '+591-6363457', 'whitemichele@example.com', '2024-05-17 23:04:48.141553', '2024-06-10 23:04:48.141553', NULL),
(149, '+591-6214601', 'stephen83@example.com', '2024-04-28 03:36:52.722090', '2024-05-14 03:36:52.722090', '2024-06-02 03:36:52.722090'),
(150, '+591-6295954', 'rodriguezkara@example.net', '2024-04-15 17:40:37.478259', '2024-04-26 17:40:37.478259', '2024-05-09 17:40:37.478259');

INSERT INTO Centros_de_Salud (id, nombre, direccion, id_localidad, id_contacto, created_at, updated_at, disabled_at)
VALUES
(1, 'Clinica Allen-Nelson', '44438 Kurt Meadows Suite 241 North Lynnfort, OK 57349', 12, 95, '2024-04-17 21:45:32', '2024-05-11 21:45:32', '2024-05-24 21:45:32'),
(2, 'Clinica Brewer-Morris', '9212 Wright Parkways Cooleychester, KY 54744', 6, 136, '2024-03-13 08:06:30', '2024-03-19 08:06:30', NULL),
(3, 'Clinica Garcia ', '9288 Hurst Square Thompsonfurt, OR 62571', 12, 75, '2024-03-06 07:29:25', '2024-03-14 07:29:25', '2024-04-13 07:29:25'),
(4, 'Clinica Hoffman ', '94586 Meyer Expressway Apt. 459 Lake Darinport, IL 97303', 12, 61, '2024-03-12 19:13:02', '2024-03-31 19:13:02', NULL),
(5, 'Clinica Jimenez y Lewis', '691 Wright Cove Suite 242 Port Troyborough, MA 16238', 3, 114, '2024-05-15 18:01:32', '2024-05-15 18:01:32', NULL),
(6, 'Clinica Patton ', 'Unit 4587 Box 4336 DPO AE 40120', 4, 132, '2024-02-10 09:44:53', '2024-03-07 09:44:53', '2024-03-22 09:44:53'),
(7, 'Clinica Navarro y Carey', 'PSC 0771, Box 1817 APO AP 33792', 2, 24, '2024-02-23 13:15:24', '2024-02-25 13:15:24', NULL),
(8, 'Clinica Olson y Eaton', 'Unit 0891 Box 0018 DPO AP 47743', 3, 65, '2024-06-08 05:30:54', '2024-07-05 05:30:54', '2024-07-30 05:30:54'),
(9, 'Clinica Sheppard ', '59156 Kathryn Station Apt. 881 North Johnfort, VT 07742', 11, 21, '2024-03-30 13:11:26', '2024-04-06 13:11:26', NULL),
(10, 'Clinica Galloway y Glover', '11778 Davis Points Suite 793 Port Brandon, MD 48558', 11, 107, '2024-01-21 15:53:27', '2024-02-10 15:53:27', NULL),
(11, 'Clinica Tapia', 'USNV Nguyen FPO AA 21309', 2, 150, '2024-02-03 08:23:54', '2024-02-04 08:23:54', NULL),
(12, 'Clinica Parker', 'Unit 2481 Box 3053 DPO AE 10539', 7, 14, '2024-02-03 11:32:31', '2024-02-20 11:32:31', '2024-03-03 11:32:31'),
(13, 'Clinica Roberts ', '85812 Michael Camp Lake Russellside, GA 98880', 12, 17, '2024-01-04 04:15:36', '2024-01-08 04:15:36', NULL),
(14, 'Clinica Reynolds, Wells and Hunt', '42567 Scott Point Suite 520 North Bobbybury, ME 91474', 10, 118, '2024-02-14 10:37:04', '2024-02-29 10:37:04', NULL),
(15, 'Clinica Renjel', '411 Brian Expressway Carterfurt, MI 22858', 10, 65, '2024-05-18 14:21:40', '2024-05-21 14:21:40', NULL),
(16, 'Hospital Cordero ', '96695 Thompson Spring Lake Justinmouth, NE 84055', 11, 21, '2024-06-04 09:26:22', '2024-06-10 09:26:22', '2024-07-09 09:26:22'),
(17, 'Hospital Ward-Hurley', '409 Lang Spurs Jessicamouth, TX 55678', 10, 111, '2024-05-28 01:50:19', '2024-05-28 01:50:19', NULL),
(18, 'Hospital Joseph', '713 Webb Mountains New Donna, MT 86856', 6, 51, '2024-02-03 00:09:11', '2024-02-24 00:09:11', '2024-02-25 00:09:11'),
(19, 'Hospital Walker-Dunn', '962 David Spring Apt. 238 Stevehaven, LA 71190', 9, 98, '2024-04-29 09:17:20', '2024-05-19 09:17:20', '2024-06-06 09:17:20'),
(20, 'Hospital Navarro', '2954 Rebecca Rue North Kennethstad, NE 26819', 9, 90, '2024-05-25 08:34:55', '2024-05-27 08:34:55', NULL),
(21, 'Hospital Dawson ', '961 Jessica Garden Apt. 401 Sarahton, TN 20759', 8, 70, '2024-03-13 11:05:12', '2024-03-20 11:05:12', NULL),
(22, 'Hospital Wells ', '15651 Chambers Tunnel Apt. 064 Seanburgh, CA 48332', 9, 148, '2024-04-29 23:11:03', '2024-05-12 23:11:03', NULL),
(23, 'Hospital Miranda', '348 Reyes Cliffs Curtistown, AK 98111', 3, 126, '2024-05-04 18:08:31', '2024-05-10 18:08:31', '2024-06-05 18:08:31'),
(24, 'Hospital Haynes PLC', '898 Alexis Cove Suite 262 Monicaburgh, GA 87280', 3, 145, '2024-02-12 17:02:17', '2024-03-02 17:02:17', NULL),
(25, 'Hospital Mack', '636 James Parkway Apt. 781 Lake Bridgetfurt, MT 11749', 1, 134, '2024-02-12 22:03:23', '2024-02-28 22:03:23', NULL),
(26, 'Hospital Grant', '28225 Mercado Glens Jenniferstad, DC 28928', 2, 41, '2024-06-19 21:53:49', '2024-06-19 21:53:49', NULL),
(27, 'Hospital Villanueva ', '9766 Armstrong Ranch Suite 367 Huffhaven, NE 25503', 6, 149, '2024-03-05 06:47:26', '2024-03-09 06:47:26', '2024-03-30 06:47:26'),
(28, 'Hospital Allen', '148 Roberts Street New Samanthabury, CA 96997', 9, 100, '2024-01-21 01:30:44', '2024-02-07 01:30:44', '2024-02-25 01:30:44'),
(29, 'Hospital Ortiz', '9973 George Isle Suite 017 Lake Dustin, FL 22196', 6, 61, '2024-06-09 02:16:21', '2024-06-30 02:16:21', '2024-07-04 02:16:21'),
(30, 'Hospital Hanson-Bates', '18387 Susan Ranch Mcdonaldhaven, IN 42720', 5, 143, '2024-06-19 09:50:12', '2024-06-27 09:50:12', NULL);

INSERT INTO Profesionales_de_Salud (id, nombre, apellido, id_contacto, id_especialidad, disponibilidad, created_at, updated_at, disabled_at)
VALUES
(1, 'Kendra', 'Mcintyre', 32, 7, 'Lunes a Jueves 8am-4pm', '2023-06-10 05:00:40', '2024-02-14 05:00:40', '2024-07-30 05:00:40'),
(2, 'Matthew', 'Schmidt', 135, 5, 'Miercoles y Viernes 7am-3pm', '2023-08-10 06:58:49', '2024-06-11 06:58:49', '2024-09-30 06:58:49'),
(3, 'Grace', 'Collins', 53, 8, 'Miercoles y Viernes 7am-3pm', '2023-03-19 15:10:02', '2023-11-03 15:10:02', '2024-07-13 15:10:02'),
(4, 'Jessica', 'Moran', 75, 6, 'Miercoles y Viernes 7am-3pm', '2024-05-07 06:01:29', '2025-04-05 06:01:29', '2025-11-29 06:01:29'),
(5, 'James', 'Romero', 142, 10, 'Lunes a Viernes 9am-5pm', '2022-06-28 09:43:36', '2022-07-22 09:43:36', '2023-02-09 09:43:36'),
(6, 'Christopher', 'Lee', 18, 6, 'Lunes, Miercoles y Viernes 1pm-9pm', '2023-02-22 04:14:47', '2023-07-24 04:14:47', '2023-10-19 04:14:47'),
(7, 'Amanda', 'Heath', 37, 10, 'Lunes a Jueves 8am-4pm', '2024-01-26 16:21:10', '2024-12-24 16:21:10', '2025-11-19 16:21:10'),
(8, 'Eric', 'Taylor', 87, 4, 'Lunes a Jueves 8am-4pm', '2023-02-07 01:21:40', '2023-06-13 01:21:40', '2024-04-04 01:21:40'),
(9, 'Robert', 'Carson', 114, 8, 'Miercoles y Viernes 7am-3pm', '2023-10-12 04:12:22', '2024-05-30 04:12:22', '2024-06-18 04:12:22'),
(10, 'Brenda', 'Bryant', 29, 9, 'Lunes a Jueves 8am-4pm', '2023-12-08 00:58:12', '2024-02-09 00:58:12', '2024-12-25 00:58:12'),
(11, 'Kathleen', 'Berry', 67, 3, 'Lunes a Viernes 9am-5pm', '2024-03-28 18:28:28', '2024-05-22 18:28:28', '2024-06-13 18:28:28'),
(12, 'Blake', 'Serrano', 17, 6, 'Lunes a Viernes 9am-5pm', '2023-01-22 08:21:42', '2023-02-11 08:21:42', '2023-08-19 08:21:42'),
(13, 'Claudia', 'Gonzalez', 129, 2, 'Lunes a Jueves 8am-4pm', '2023-06-06 22:05:18', '2023-08-23 22:05:18', '2024-01-07 22:05:18'),
(14, 'Destiny', 'Taylor', 108, 4, 'Martes y Jueves 10am-6pm', '2022-10-30 05:06:11', '2023-04-08 05:06:11', '2023-09-09 05:06:11'),
(15, 'Erica', 'Houston', 146, 5, 'Martes y Jueves 10am-6pm', '2023-03-25 23:18:24', '2024-01-14 23:18:24', '2024-05-15 23:18:24'),
(16, 'Leon', 'Cook', 122, 3, 'Lunes a Jueves 8am-4pm', '2023-03-20 13:57:54', '2023-07-11 13:57:54', '2024-01-07 13:57:54'),
(17, 'Andrea', 'Hughes', 100, 6, 'Lunes, Miercoles y Viernes 1pm-9pm', '2022-07-23 00:22:40', '2023-01-22 00:22:40', '2023-02-28 00:22:40'),
(18, 'Alexa', 'Gilbert', 41, 9, 'Miercoles y Viernes 7am-3pm', '2024-01-17 11:33:47', '2024-01-29 11:33:47', '2024-06-09 11:33:47'),
(19, 'Theresa', 'Reed', 43, 7, 'Lunes a Jueves 8am-4pm', '2022-08-27 17:05:08', '2023-06-18 17:05:08', '2024-05-01 17:05:08'),
(20, 'Paul', 'Harper', 51, 1, 'Lunes a Viernes 9am-5pm', '2023-02-11 03:44:35', '2023-10-13 03:44:35', '2024-01-12 03:44:35'),
(21, 'Angela', 'Drake', 73, 3, 'Lunes a Jueves 8am-4pm', '2023-01-30 20:39:15', '2023-02-09 20:39:15', '2023-09-05 20:39:15'),
(22, 'Andrew', 'Walters', 29, 2, 'Lunes, Miercoles y Viernes 1pm-9pm', '2022-07-07 22:20:41', '2022-09-05 22:20:41', '2022-11-30 22:20:41'),
(23, 'Chad', 'Fisher', 138, 7, 'Miercoles y Viernes 7am-3pm', '2023-01-26 18:18:52', '2023-04-22 18:18:52', '2023-08-29 18:18:52'),
(24, 'Jennifer', 'Moore', 139, 4, 'Martes y Jueves 10am-6pm', '2022-08-12 23:33:47', '2022-08-29 23:33:47', '2023-02-22 23:33:47'),
(25, 'Jessica', 'Payne', 35, 1, 'Miercoles y Viernes 7am-3pm', '2022-11-01 07:26:21', '2023-09-28 07:26:21', '2024-07-22 07:26:21'),
(26, 'Jennifer', 'Herman', 33, 2, 'Lunes a Jueves 8am-4pm', '2024-01-08 08:41:55', '2024-05-19 08:41:55', '2024-06-22 08:41:55'),
(27, 'Patrick', 'Murray', 132, 5, 'Martes y Jueves 10am-6pm', '2024-04-23 20:19:36', '2025-03-05 20:19:36', '2025-11-27 20:19:36'),
(28, 'Pamela', 'Cox', 104, 9, 'Lunes, Miercoles y Viernes 1pm-9pm', '2023-05-13 20:01:29', '2023-09-18 20:01:29', '2023-11-04 20:01:29'),
(29, 'Tasha', 'Lin', 81, 2, 'Miercoles y Viernes 7am-3pm', '2024-01-15 07:53:10', '2024-10-28 07:53:10', '2025-02-06 07:53:10'),
(30, 'Allison', 'Ingram', 18, 1, 'Miercoles y Viernes 7am-3pm', '2024-04-16 14:37:37', '2025-02-27 14:37:37', '2026-01-29 14:37:37'),
(31, 'Gregory', 'Wood', 67, 9, 'Martes y Jueves 10am-6pm', '2023-03-13 19:00:21', '2023-06-08 19:00:21', '2023-06-29 19:00:21'),
(32, 'Caitlin', 'Wolf', 150, 8, 'Lunes a Viernes 9am-5pm', '2024-01-10 14:37:30', '2024-01-30 14:37:30', '2024-08-14 14:37:30'),
(33, 'Matthew', 'Smith', 44, 7, 'Lunes a Viernes 9am-5pm', '2022-11-14 17:35:52', '2023-02-26 17:35:52', '2023-08-08 17:35:52'),
(34, 'Tara', 'Sutton', 127, 9, 'Lunes a Viernes 9am-5pm', '2022-12-13 08:40:06', '2023-09-02 08:40:06', '2024-05-31 08:40:06'),
(35, 'Karen', 'Greene', 95, 9, 'Lunes a Jueves 8am-4pm', '2024-05-20 21:29:32', '2024-10-28 21:29:32', '2025-02-25 21:29:32'),
(36, 'Ashley', 'Henry', 14, 5, 'Lunes, Miercoles y Viernes 1pm-9pm', '2023-03-05 15:38:20', '2023-10-03 15:38:20', '2024-05-30 15:38:20'),
(37, 'Douglas', 'Mccarthy', 69, 10, 'Miercoles y Viernes 7am-3pm', '2024-02-01 00:18:19', '2024-11-07 00:18:19', '2025-01-22 00:18:19'),
(38, 'Rachel', 'Rojas', 149, 2, 'Lunes, Miercoles y Viernes 1pm-9pm', '2022-07-06 15:29:24', '2023-05-09 15:29:24', '2024-01-05 15:29:24'),
(39, 'Matthew', 'Liu', 10, 6, 'Lunes a Jueves 8am-4pm', '2023-03-28 22:42:59', '2023-06-15 22:42:59', '2024-03-25 22:42:59'),
(40, 'James', 'Mcintosh', 30, 4, 'Lunes a Jueves 8am-4pm', '2024-06-22 08:05:51', '2024-10-25 08:05:51', '2025-07-20 08:05:51'),
(41, 'Tyler', 'Jackson', 42, 4, 'Lunes a Viernes 9am-5pm', '2024-05-21 21:32:26', '2024-11-03 21:32:26', '2025-05-13 21:32:26'),
(42, 'Brandon', 'Gonzalez', 27, 2, 'Miercoles y Viernes 7am-3pm', '2022-11-24 11:49:37', '2023-08-14 11:49:37', '2024-04-29 11:49:37'),
(43, 'Carlos', 'Jones', 134, 6, 'Miercoles y Viernes 7am-3pm', '2023-10-28 15:53:41', '2024-03-14 15:53:41', '2025-01-22 15:53:41'),
(44, 'John', 'Ayala', 116, 10, 'Miercoles y Viernes 7am-3pm', '2023-05-02 11:01:42', '2024-01-13 11:01:42', '2024-08-07 11:01:42'),
(45, 'Christopher', 'Anderson', 108, 2, 'Martes y Jueves 10am-6pm', '2023-01-11 20:45:59', '2023-05-25 20:45:59', '2023-07-07 20:45:59'),
(46, 'Sally', 'Vega', 140, 9, 'Lunes, Miercoles y Viernes 1pm-9pm', '2024-01-10 09:20:53', '2024-05-15 09:20:53', '2024-10-12 09:20:53'),
(47, 'Edward', 'Campbell', 83, 2, 'Martes y Jueves 10am-6pm', '2024-03-02 07:55:29', '2025-01-02 07:55:29', '2025-07-18 07:55:29'),
(48, 'Justin', 'Donovan', 74, 6, 'Martes y Jueves 10am-6pm', '2023-11-23 01:34:59', '2024-04-02 01:34:59', '2024-09-16 01:34:59'),
(49, 'Richard', 'Nguyen', 39, 2, 'Lunes, Miercoles y Viernes 1pm-9pm', '2024-05-08 06:53:57', '2025-03-06 06:53:57', '2025-05-26 06:53:57'),
(50, 'Thomas', 'Wood', 121, 1, 'Martes y Jueves 10am-6pm', '2023-05-02 18:52:26', '2023-10-29 18:52:26', '2024-03-11 18:52:26');

INSERT INTO Pacientes (id, nombre, fecha_nacimiento, direccion, id_contacto, created_at, updated_at, disabled_at) VALUES
(1, 'Tonya Middleton', '1961-10-03', '429 Linda Flats Apt. 523 East Edwardside, AR 25833', 34, '2024-01-08 05:17:05.189885', '2024-01-22 05:17:05.189885', NULL),
(2, 'Michael Knapp', '1986-07-07', 'USS Thomas FPO AA 7668', 20, '2024-05-19 11:52:25.879526', '2024-06-09 11:52:25.879526', '2024-07-03 11:52:25.879526'),
(3, 'Megan Gray', '2001-10-12', '533 Andrew Avenue New Carlos, DE 48526', 15, '2024-06-25 02:26:21.585402', '2024-07-13 02:26:21.585402', NULL),
(4, 'Anthony Martin', '1959-06-20', '1386 Conway Center Apt. 275 Brandonchester, RI 56988', 133, '2024-04-29 19:32:58.390972', '2024-05-03 19:32:58.390972', NULL),
(5, 'Lydia Martinez', '1969-04-19', '517 Cantrell Hollow Port Kimberly, ID 39683', 29, '2024-04-09 09:01:11.171780', '2024-05-02 09:01:11.171780', '2024-05-23 09:01:11.171780'),
(6, 'Deanna Foster', '1993-03-31', '3798 Scott Falls Suite 554 Hernandezside, KY 57518', 135, '2024-01-14 19:28:58.739363', '2024-02-13 19:28:58.739363', '2024-02-29 19:28:58.739363'),
(7, 'Jennifer Martin', '1923-12-24', '737 Adams Run Port Lisafurt, NC 59686', 52, '2024-05-29 22:47:15.962700', '2024-06-13 22:47:15.962700', '2024-06-24 22:47:15.962700'),
(8, 'Robert Howell', '1946-11-03', '678 Jones Ridges Port Michael, ME 23711', 113, '2024-04-11 06:02:37.431077', '2024-04-15 06:02:37.431077', '2024-04-20 06:02:37.431077'),
(9, 'Gloria Garza', '2022-07-24', '933 Jackson Expressway Suite 383 Danielburgh, MN 61391', 121, '2024-06-02 20:24:00.712341', '2024-06-14 20:24:00.712341', '2024-07-01 20:24:00.712341'),
(10, 'Suzanne Woodard', '1990-12-12', '983 Shawn Summit Suite 708 New Kyleberg, VI 33184', 116, '2024-05-13 08:12:37.177212', '2024-06-12 08:12:37.177212', '2024-06-13 08:12:37.177212'),
(11, 'Pamela Morgan', '1953-07-06', '9680 Thomas Crossroad Apt. 013 Carolburgh, TX 26689', 68, '2024-05-08 13:51:58.696783', '2024-06-07 13:51:58.696783', '2024-06-19 13:51:58.696783'),
(12, 'Madison Melton', '1942-12-17', '8075 Kimberly Bridge North Marcus, FL 95820', 88, '2024-03-30 17:15:45.406171', '2024-04-09 17:15:45.406171', '2024-04-10 17:15:45.406171'),
(13, 'Andrea Sanchez', '1979-09-08', '00616 Johnston Inlet Nguyenbury, DE 34281', 23, '2024-02-15 05:12:55.706897', '2024-03-06 05:12:55.706897', NULL),
(14, 'Sharon Hoover', '1952-04-22', '9183 Solomon Roads Suite 445 Jacobsberg, MH 25590', 42, '2024-02-18 22:37:07.636700', '2024-02-19 22:37:07.636700', NULL),
(15, 'Devin Gonzalez', '2021-11-10', 'USNV Jones FPO AA 32279', 69, '2024-02-22 11:03:51.058712', '2024-02-27 11:03:51.058712', NULL),
(16, 'Sabrina Young', '1953-09-01', 'USS Juarez FPO AA 42797', 51, '2024-06-12 18:07:00.872883', '2024-07-12 18:07:00.872883', '2024-07-15 18:07:00.872883'),
(17, 'Sharon Haley', '1943-02-13', 'Unit 6406 Box 4733 DPO AE 5792', 100, '2024-01-03 23:13:25.139216', '2024-01-10 23:13:25.139216', NULL),
(18, 'David Morris', '1924-08-28', '906 Fleming Union Apt. 584 Port Nicholas, MA 1185', 30, '2024-04-16 01:55:58.064744', '2024-04-23 01:55:58.064744', '2024-04-24 01:55:58.064744'),
(19, 'Julie Diaz', '2001-08-29', '130 Marquez Port Lewischester, MP 64830', 19, '2024-03-04 05:11:40.045481', '2024-03-24 05:11:40.045481', '2024-04-19 05:11:40.045481'),
(20, 'Robert Brooks', '2002-08-15', '255 Robert Forge Dianaborough, MA 7746', 140, '2024-04-24 00:13:36.463950', '2024-05-09 00:13:36.463950', '2024-06-07 00:13:36.463950'),
(21, 'Tina Moore', '1991-03-01', '716 Cervantes Drive Perezview, HI 24186', 150, '2024-05-16 13:24:05.072397', '2024-05-31 13:24:05.072397', NULL),
(22, 'Dustin Gonzalez', '2008-02-02', '546 Lindsay Inlet Suite 298 Wrightchester, PR 3931', 80, '2024-03-18 09:17:23.731010', '2024-03-29 09:17:23.731010', '2024-04-03 09:17:23.731010'),
(23, 'Kelsey Gates', '1986-07-09', '515 Lisa Heights South Valeriemouth, AZ 98995', 63, '2024-03-03 16:29:25.687190', '2024-03-31 16:29:25.687190', NULL),
(24, 'Ryan Vaughan', '1986-12-05', '1413 Morris Overpass Apt. 089 Smithhaven, VT 90838', 139, '2024-01-31 07:50:14.534407', '2024-02-03 07:50:14.534407', NULL),
(25, 'Heidi Rivera', '1946-06-10', '867 Matthew Avenue North Curtishaven, IN 89476', 125, '2024-03-26 19:50:03.240072', '2024-04-04 19:50:03.240072', NULL),
(26, 'Melissa Daniels', '1945-11-20', '192 Sheri Meadow Apt. 651 East Brittanyfort, DC 40993', 86, '2024-06-04 13:42:21.329587', '2024-06-10 13:42:21.329587', '2024-06-13 13:42:21.329587'),
(27, 'Bradley Rice', '1923-11-13', '7197 Sara Fork Apt. 204 Carrollshire, IA 50173', 149, '2024-04-17 18:07:57.755298', '2024-05-08 18:07:57.755298', NULL),
(28, 'Teresa Stone', '1937-08-25', '924 Jaime Ports Suite 031 Carlabury, MN 21770', 117, '2024-02-19 01:16:34.861284', '2024-03-10 01:16:34.861284', '2024-03-24 01:16:34.861284'),
(29, 'Melinda Jenkins', '2022-04-19', 'Unit 2501 Box 6787 DPO AP 07578', 32, '2024-03-24 02:52:37.963037', '2024-04-02 02:52:37.963037', '2024-04-27 02:52:37.963037'),
(30, 'Emily Wilson', '1930-09-12', '699 Melissa Wall Bautistaville, PW 27017', 99, '2024-06-06 05:26:40.363072', '2024-06-27 05:26:40.363072', NULL),
(31, 'Tara James', '1982-05-31', '410 Mitchell Summit Lopeztown, PR 68038', 57, '2024-02-10 00:24:40.929931', '2024-03-11 00:24:40.929931', NULL),
(32, 'Kyle Johnson', '2004-04-26', '533 Isaiah Ford Bellville, VT 99519', 35, '2024-05-26 04:33:44.543443', '2024-06-16 04:33:44.543443', '2024-07-02 04:33:44.543443'),
(33, 'Jennifer Long', '1974-01-17', '356 Michael Street New Maryfurt, ME 85923', 145, '2024-04-09 23:18:51.676380', '2024-04-30 23:18:51.676380', NULL),
(34, 'Jessica Roberts', '1932-01-15', '65849 Daniel Stream Lorichester, MH 79035', 130, '2024-01-12 11:20:21.437439', '2024-01-20 11:20:21.437439', NULL),
(35, 'Paula Ray', '2000-02-22', '682 Christopher Viaduct Hooverview, SD 43174', 60, '2024-04-22 16:18:11.668703', '2024-04-23 16:18:11.668703', '2024-05-20 16:18:11.668703'),
(36, 'Ryan Carlson', '1989-05-06', '09830 Johnson Court Port Julie, MA 20686', 119, '2024-05-06 20:07:08.472649', '2024-05-13 20:07:08.472649', NULL),
(37, 'Eric Bowman', '1984-07-29', '646 Michael Road Apt. 290 Reidberg, ND 42482', 39, '2024-03-01 21:53:47.399067', '2024-03-09 21:53:47.399067', '2024-03-27 21:53:47.399067'),
(38, 'Lori Harvey', '1958-09-23', '3047 Stephanie Views Apt. 702 Mcfarlandshire, GA 25284', 114, '2024-03-28 10:39:17.907477', '2024-04-05 10:39:17.907477', NULL),
(39, 'Ashley Griffith', '1985-08-12', '6541 Ashley Plains Apt. 067 North Tammy, WI 98312', 111, '2024-01-23 06:54:03.030250', '2024-02-11 06:54:03.030250', NULL),
(40, 'Patricia Thompson', '1997-12-19', '53312 Shannon Gateway New Steven, HI 29052', 12, '2024-05-20 22:15:51.395432', '2024-06-04 22:15:51.395432', NULL),
(41, 'Jacob Brown', '2011-02-28', '4693 Hannah Spring Apt. 983 Lake Brenda, MS 94972', 47, '2024-01-05 15:18:23.175731', '2024-01-24 15:18:23.175731', '2024-02-09 15:18:23.175731'),
(42, 'Kathleen Johnson', '2007-05-17', '0510 Heather Springs North Kevinburgh, WA 39185', 41, '2024-03-19 18:52:26.536246', '2024-03-24 18:52:26.536246', '2024-04-18 18:52:26.536246'),
(43, 'Karen Terry', '1999-03-11', '9599 James River Apt. 992 East Benjamin, MO 16883', 66, '2024-03-20 05:35:56.085630', '2024-03-31 05:35:56.085630', '2024-04-26 05:35:56.085630'),
(44, 'Sharon Jordan', '1933-11-15', '158 Mills Inlet Apt. 714 Ramirezborough, NM 11742', 20, '2024-02-05 06:39:14.538203', '2024-03-01 06:39:14.538203', NULL),
(45, 'John Wagner', '1958-04-01', '771 Johnson Radial Apt. 846 West Stacy, AS 74332', 16, '2024-02-15 17:22:29.715867', '2024-03-09 17:22:29.715867', NULL),
(46, 'Lisa Carter', '1932-09-24', '4302 Rebecca Pass Apt. 119 Port Brian, AR 42710', 13, '2024-05-10 03:34:08.862191', '2024-05-16 03:34:08.862191', '2024-05-31 03:34:08.862191'),
(47, 'Catherine Mcgee', '1955-02-09', '598 Taylor Brook Apt. 579 West Scottland, MA 55658', 10, '2024-05-22 10:06:11.134864', '2024-06-05 10:06:11.134864', NULL),
(48, 'Brandon Becker', '1987-11-21', '933 Andrew Bypass Suite 011 Lake Brittany, MH 40004', 38, '2024-05-15 02:58:31.331182', '2024-05-21 02:58:31.331182', NULL),
(49, 'Rachel Washington', '1935-03-03', '3877 Michael Islands Apt. 401 Christinefort, WV 40634', 8, '2024-04-18 18:51:45.413157', '2024-04-28 18:51:45.413157', NULL),
(50, 'Troy Rivera', '1955-10-11', '534 Jennifer Lakes Apt. 284 Lake Christopher, MA 66107', 50, '2024-04-08 15:55:06.035840', '2024-04-24 15:55:06.035840', NULL),
(51, 'Alexis Martinez', '1992-09-28', '118 Lauren Spring Suite 712 Port Jeffery, CA 86397', 136, '2024-03-22 20:45:44.382963', '2024-04-06 20:45:44.382963', NULL),
(52, 'Robert Stewart', '2004-10-27', '3728 David Lights Jacobstad, CT 80891', 117, '2024-02-18 02:22:56.270234', '2024-03-01 02:22:56.270234', NULL),
(53, 'Katie Lopez', '2011-12-15', '191 Stephanie Flats Suite 775 Bryanmouth, MS 55361', 65, '2024-05-25 14:37:41.337132', '2024-06-06 14:37:41.337132', '2024-06-29 14:37:41.337132'),
(54, 'Beverly Rodriguez', '1968-11-18', '2356 Dean Crossroad Apt. 090 Richardville, WA 83598', 21, '2024-03-23 13:43:43.126470', '2024-04-12 13:43:43.126470', NULL),
(55, 'Maria Taylor', '1947-06-26', '339 Robin View Suite 493 New Shannon, VT 92415', 118, '2024-01-18 05:24:35.216091', '2024-01-27 05:24:35.216091', '2024-02-20 05:24:35.216091'),
(56, 'Gregory Johnson', '1995-07-20', '842 Nathan Hollow Apt. 896 Jayhaven, UT 95129', 133, '2024-06-09 12:55:49.716290', '2024-06-17 12:55:49.716290', '2024-07-07 12:55:49.716290'),
(57, 'Jessica Robinson', '1934-09-14', '691 Hernandez Corner Apt. 375 Lake James, CO 18864', 82, '2024-05-02 01:02:19.863935', '2024-05-24 01:02:19.863935', '2024-06-16 01:02:19.863935'),
(58, 'Anthony Henderson', '1949-12-07', '8836 Nichols Ways Apt. 512 Lake Jeffrey, NY 94672', 70, '2024-04-27 08:14:28.513824', '2024-05-12 08:14:28.513824', NULL),
(59, 'Kimberly Woods', '1987-06-01', '469 Jackson Haven Suite 960 Thomasport, VT 69366', 46, '2024-05-10 03:17:34.194017', '2024-06-01 03:17:34.194017', NULL),
(60, 'Donald Stewart', '1944-03-18', '822 Palmer Estate Suite 646 New Angelaburgh, LA 10597', 78, '2024-03-16 07:29:43.368603', '2024-04-01 07:29:43.368603', NULL),
(61, 'Jessica Johnson', '1954-06-25', '3895 Megan Motorway Suite 265 North Danielle, OR 26429', 85, '2024-03-29 18:44:20.949895', '2024-04-05 18:44:20.949895', NULL),
(62, 'Tammy Perez', '1990-10-02', '10995 Lopez Extension Suite 230 West Jonathan, OH 10555', 90, '2024-04-03 11:47:56.645811', '2024-04-10 11:47:56.645811', NULL),
(63, 'Joshua Gonzalez', '2002-06-15', '80919 Elizabeth Road Apt. 098 East Mark, DE 84187', 37, '2024-01-08 22:31:47.391981', '2024-02-02 22:31:47.391981', '2024-02-25 22:31:47.391981'),
(64, 'Deborah Mitchell', '1978-11-30', '1565 Taylor Park Suite 528 Rodriguezside, WA 06388', 103, '2024-01-26 16:19:20.554566', '2024-02-22 16:19:20.554566', '2024-03-17 16:19:20.554566'),
(65, 'Emily Hernandez', '1999-07-05', '863 White Orchard Apt. 326 Grayport, NC 70942', 109, '2024-03-01 09:04:38.793277', '2024-03-22 09:04:38.793277', NULL),
(66, 'Donna Hill', '1976-03-25', '56318 Sanchez Valley Apt. 417 Stewartmouth, VA 72150', 114, '2024-06-01 04:58:15.675112', '2024-06-14 04:58:15.675112', '2024-07-04 04:58:15.675112'),
(67, 'Samantha Lee', '2005-04-11', '2337 Collins Shore Apt. 490 South Jeremy, WI 58384', 64, '2024-03-18 19:24:45.812737', '2024-04-07 19:24:45.812737', '2024-04-29 19:24:45.812737'),
(68, 'Emily Harris', '1996-12-08', '1284 Mathis Keys Apt. 378 West Patrick, CA 09110', 122, '2024-04-19 14:36:47.564826', '2024-05-05 14:36:47.564826', NULL),
(69, 'David Smith', '2006-02-21', '231 Evans Plains Apt. 672 North Monicamouth, TN 83915', 123, '2024-03-10 16:11:23.110637', '2024-03-17 16:11:23.110637', NULL),
(70, 'Shawn Carter', '1978-08-25', '142 Jenkins Ports Suite 479 East Thomas, SD 69398', 29, '2024-01-12 21:57:03.342989', '2024-02-08 21:57:03.342989', '2024-03-06 21:57:03.342989'),
(71, 'Crystal Williams', '1988-10-14', '2188 Morales Centers Apt. 220 Caseyview, MT 18110', 132, '2024-03-28 08:27:29.624357', '2024-04-14 08:27:29.624357', '2024-05-09 08:27:29.624357'),
(72, 'Paul White', '1999-09-04', '82937 Clark Falls Apt. 739 New Kennethchester, ND 27479', 75, '2024-05-04 10:32:49.138147', '2024-05-18 10:32:49.138147', NULL),
(73, 'Jeremy Walker', '1950-06-27', '6380 Lewis Loaf Apt. 938 South Katherinemouth, TN 51966', 110, '2024-02-16 23:49:10.846110', '2024-02-23 23:49:10.846110', NULL),
(74, 'Gary Sanchez', '1977-02-10', '92135 Kaitlyn Gardens Suite 940 Karenborough, MO 10564', 25, '2024-04-26 06:11:17.038921', '2024-05-19 06:11:17.038921', NULL),
(75, 'Christine Rodriguez', '1986-04-08', '726 Rodriguez Forks Suite 318 Kimberlymouth, UT 75147', 101, '2024-03-05 08:42:20.580663', '2024-03-26 08:42:20.580663', NULL),
(76, 'Jacqueline Taylor', '1973-05-19', '2878 Mason Bypass Apt. 739 South Kathy, NY 86718', 115, '2024-01-11 14:30:14.825481', '2024-02-03 14:30:14.825481', '2024-02-18 14:30:14.825481'),
(77, 'Alan Thompson', '1972-12-29', '699 Martin Grove Suite 284 Port Mark, VT 73957', 36, '2024-04-22 23:44:45.321245', '2024-05-08 23:44:45.321245', NULL),
(78, 'Michelle Clark', '1959-05-02', '60038 Hoffman Manors Apt. 363 East Christinaview, OR 37067', 83, '2024-03-21 04:59:19.186813', '2024-04-10 04:59:19.186813', NULL),
(79, 'Timothy Green', '2008-03-28', '74548 Jared Stravenue Lake Shannon, MD 57371', 93, '2024-04-03 18:54:22.772581', '2024-04-24 18:54:22.772581', '2024-05-12 18:54:22.772581'),
(80, 'Karen Wright', '1990-07-11', '631 Kenneth Fords Apt. 979 Nicolechester, GA 06509', 3, '2024-03-02 09:29:54.222305', '2024-03-31 09:29:54.222305', NULL),
(81, 'Diana Scott', '1982-04-14', '0933 Joshua Unions Apt. 015 East Richard, CO 92047', 28, '2024-02-01 08:07:03.761954', '2024-02-18 08:07:03.761954', NULL),
(82, 'Tammy Davis', '1994-01-28', '864 Ryan Burgs Suite 626 North Jermaine, IA 89824', 107, '2024-01-16 16:25:22.804840', '2024-01-22 16:25:22.804840', NULL),
(83, 'Anna Lewis', '1949-07-07', '45234 Klein Cove Apt. 760 West Jamiefurt, TN 14585', 95, '2024-01-19 11:20:19.829282', '2024-02-12 11:20:19.829282', NULL),
(84, 'Betty Young', '1971-12-15', '1736 Douglas Spurs Apt. 113 East Robert, NC 11727', 43, '2024-05-02 13:45:39.953514', '2024-05-25 13:45:39.953514', NULL),
(85, 'Philip Flores', '1997-08-21', '58211 Ashley Spurs Suite 234 Walterside, VT 55694', 100, '2024-04-29 20:12:12.411693', '2024-05-18 20:12:12.411693', NULL),
(86, 'Kevin Martinez', '2001-09-30', '6520 Brian Parkways Suite 493 South Karen, UT 57058', 94, '2024-04-12 03:27:46.628914', '2024-05-02 03:27:46.628914', NULL),
(87, 'Sean Garcia', '1985-03-17', '8832 Payne Divide Apt. 645 East Amyland, OR 70516', 13, '2024-04-15 09:58:55.214264', '2024-05-05 09:58:55.214264', NULL),
(88, 'Rachel Allen', '1965-06-25', '38264 Nichols Springs Suite 294 Charlesville, GA 24685', 120, '2024-05-10 18:30:44.913812', '2024-05-31 18:30:44.913812', NULL),
(89, 'Jose Hill', '1970-12-05', '8367 Taylor Springs Apt. 568 North Melissaview, CA 81972', 27, '2024-01-29 07:04:51.312066', '2024-02-25 07:04:51.312066', NULL),
(90, 'Catherine Lopez', '1992-11-18', '413 Stephen Springs Suite 236 Port Caitlin, NC 76213', 78, '2024-03-12 14:55:33.073278', '2024-03-26 14:55:33.073278', NULL),
(91, 'Lisa Campbell', '2003-02-28', '679 Smith Greens Suite 468 Port David, VT 82148', 19, '2024-03-21 12:09:56.463941', '2024-04-16 12:09:56.463941', NULL),
(92, 'Samuel King', '1987-05-09', '75298 Matthew Plains Suite 841 Lake Jonathan, VA 44562', 80, '2024-04-24 22:17:49.055933', '2024-05-19 22:17:49.055933', NULL),
(93, 'Stephanie Martinez', '1995-09-12', '073 Sarah Isle Suite 287 West Emily, CO 58271', 70, '2024-02-17 15:30:08.903998', '2024-03-11 15:30:08.903998', NULL),
(94, 'Christina Hall', '1978-01-06', '655 Kimberly Knolls Apt. 439 North Sandra, WY 64390', 79, '2024-04-13 04:35:28.605024', '2024-05-01 04:35:28.605024', NULL),
(95, 'Justin Wright', '1999-04-20', '19942 Mccarty Key Suite 795 East Nathan, AL 20933', 56, '2024-04-05 11:26:41.188324', '2024-04-29 11:26:41.188324', NULL),
(96, 'Elizabeth Garcia', '2007-08-07', '31733 Wendy Hollow Apt. 604 East Jessicaton, HI 86905', 58, '2024-05-08 06:09:43.112896', '2024-05-28 06:09:43.112896', NULL),
(97, 'Scott Hernandez', '1974-11-11', '86270 Weaver Mill Apt. 200 Martinezmouth, OR 25692', 73, '2024-02-29 17:51:45.758429', '2024-03-20 17:51:45.758429', NULL),
(98, 'Juan Rodriguez', '1983-02-18', '781 Jessica Inlet Suite 654 New Shawnberg, GA 68651', 102, '2024-04-20 09:14:32.337621', '2024-05-09 09:14:32.337621', NULL),
(99, 'Laura Hernandez', '1976-07-12', '7593 Johnson Lakes Suite 409 Port Jennifer, MN 60719', 65, '2024-03-07 03:27:28.615049', '2024-03-27 03:27:28.615049', NULL),
(100, 'Joseph Young', '1991-03-04', '336 Johnson Junction Suite 642 West Amanda, CO 31078', 15, '2024-05-03 20:04:16.210378', '2024-05-24 20:04:16.210378', NULL),
(101, 'Bobby Carrillo', '1976-04-19', '0726 Cruz Plain East Lancefurt, NY 04676', 60, '2024-02-04 15:56:19.304703', '2024-02-07 15:56:19.304703', NULL),
(102, 'Amanda Perry', '2010-02-26', '752 Rios Bridge Apt. 305 North Marymouth, PW 56303', 108, '2024-06-20 01:25:38.699194', '2024-07-07 01:25:38.699194', '2024-07-13 01:25:38.699194'),
(103, 'Susan Rosario', '1971-10-09', '6483 Wiggins Parks Lake Andreafort, SD 11207', 9, '2024-01-05 16:56:26.752804', '2024-01-13 16:56:26.752804', NULL),
(104, 'Max Rodriguez', '1989-10-19', '4127 Samantha Curve Frederickland, ME 34378', 111, '2024-03-03 23:49:47.638350', '2024-03-27 23:49:47.638350', '2024-04-18 23:49:47.638350'),
(105, 'Tyler Thompson', '1949-01-17', '86255 Eric Skyway Suite 473 Stevebury, SC 58946', 69, '2024-03-27 00:51:08.120809', '2024-04-21 00:51:08.120809', '2024-05-12 00:51:08.120809'),
(106, 'Donald Brown', '1972-03-15', '24077 Davis Walk Suite 613 West Karenborough, RI 24631', 57, '2024-02-03 13:40:32.153668', '2024-02-25 13:40:32.153668', NULL),
(107, 'Carolyn Williams', '1989-08-11', 'Unit 0382 Box 9278 DPO AA 39838', 133, '2024-03-05 03:53:59.408776', '2024-03-25 03:53:59.408776', NULL),
(108, 'Steven Owens', '2004-10-01', '66863 Samantha Key Lake Ronaldborough, UT 67608', 136, '2024-04-21 01:31:22.754662', '2024-05-05 01:31:22.754662', NULL),
(109, 'Brandon Stewart', '1968-04-17', '59346 Jason Ranch Samuelbury, WI 25387', 148, '2024-03-12 19:14:07.812090', '2024-04-02 19:14:07.812090', NULL),
(110, 'Carrie Lang', '1985-03-01', '53705 Angela Stream Apt. 023 Tonyshire, PA 27484', 131, '2024-02-26 02:47:31.917861', '2024-03-18 02:47:31.917861', '2024-04-09 02:47:31.917861'),
(111, 'Michael Stone', '1975-05-04', '203 Rice Ranch East David, FL 91590', 119, '2024-03-11 07:59:13.089906', '2024-04-03 07:59:13.089906', '2024-04-26 07:59:13.089906'),
(112, 'Tina Harvey', '1981-08-05', '65093 Ashley Branch East Linda, WV 04080', 55, '2024-01-12 12:43:47.856407', '2024-02-11 12:43:47.856407', '2024-02-15 12:43:47.856407'),
(113, 'Dillon Jones', '2011-06-09', '28487 Thomas Court West Andrewstad, VA 91988', 145, '2024-01-22 22:15:48.028154', '2024-02-21 22:15:48.028154', NULL),
(114, 'Alex Young', '1931-06-04', '48404 Bond Flats Suite 107 West Frederickburgh, WI 24256', 91, '2024-02-21 06:32:28.341937', '2024-03-03 06:32:28.341937', '2024-03-12 06:32:28.341937'),
(115, 'Ryan Williams', '1990-09-02', '8924 Perry Road Suite 725 Chelseahaven, DC 94206', 144, '2024-06-13 23:13:04.516382', '2024-06-28 23:13:04.516382', '2024-07-22 23:13:04.516382'),
(116, 'Sarah Jones', '1928-12-31', '16457 Richards Knolls South Jamesmouth, MH 71126', 90, '2024-02-28 10:36:20.549048', '2024-03-01 10:36:20.549048', '2024-03-31 10:36:20.549048'),
(117, 'Theodore Hancock', '2012-07-01', '763 Kelly Valley West Stephanie, MA 29127', 15, '2024-06-09 09:16:32.927367', '2024-07-02 09:16:32.927367', NULL),
(118, 'Randy Turner', '1964-02-15', 'Unit 2745 Box 7332 DPO AE 40585', 135, '2024-03-09 16:21:26.961359', '2024-03-20 16:21:26.961359', '2024-04-17 16:21:26.961359'),
(119, 'James Wong', '1996-10-22', '17644 Fitzgerald Passage Apt. 510 Royland, TX 53903', 123, '2024-01-27 16:22:19.101992', '2024-02-23 16:22:19.101992', NULL),
(120, 'Antonio English', '1964-12-20', '53701 Galvan Ford Suite 969 New Desireebury, MP 86882', 121, '2024-03-04 00:49:14.602476', '2024-03-16 00:49:14.602476', '2024-04-06 00:49:14.602476'),
(121, 'Jessica Torres', '1968-02-05', '6509 Clark Fall East Mary, OR 49633', 108, '2024-01-06 07:00:14.472612', '2024-01-10 07:00:14.472612', NULL),
(122, 'Anthony Edwards', '1997-12-03', '65918 Roy Inlet Port Juliemouth, FL 68042', 116, '2024-01-04 13:25:17.748209', '2024-01-19 13:25:17.748209', '2024-01-27 13:25:17.748209'),
(123, 'Rita Thompson', '2000-09-21', '1205 Lopez Cape West Justin, MH 61577', 85, '2024-05-08 13:31:49.125269', '2024-05-23 13:31:49.125269', '2024-05-25 13:31:49.125269'),
(124, 'Christopher Williams', '1984-01-22', '082 Villa Fords Suite 970 Robertsport, SD 24018', 131, '2024-03-10 11:38:21.476617', '2024-04-05 11:38:21.476617', NULL),
(125, 'Paul May', '1999-04-18', '309 Barry Parks Suite 952 New Katelyn, MN 03163', 38, '2024-06-16 05:38:42.820411', '2024-07-05 05:38:42.820411', '2024-07-21 05:38:42.820411'),
(126, 'Jessica Smith', '1965-05-05', '5872 Ross Summit Apt. 389 West Karenborough, RI 24631', 57, '2024-02-03 13:40:32.153668', '2024-02-25 13:40:32.153668', NULL),
(127, 'Mark Davis', '1995-11-12', '981 Taylor Ways Apt. 416 West Denise, ME 07161', 136, '2024-03-11 21:14:49.498177', '2024-04-01 21:14:49.498177', '2024-04-19 21:14:49.498177'),
(128, 'Emily Johnson', '1978-07-25', '904 Thompson Heights Suite 108 Lake Jason, NM 64831', 43, '2024-02-07 06:30:38.883379', '2024-02-26 06:30:38.883379', NULL),
(129, 'David Martinez', '1986-03-28', 'Unit 8554 Box 6331 DPO AP 49534', 6, '2024-05-14 19:41:23.695158', '2024-06-01 19:41:23.695158', '2024-06-22 19:41:23.695158'),
(130, 'Michelle Clark', '2008-04-14', '078 Robert Mountains Apt. 492 New Maryfort, OR 25586', 57, '2024-03-28 10:22:30.872976', '2024-04-11 10:22:30.872976', '2024-05-04 10:22:30.872976'),
(131, 'Daniel Robinson', '1963-11-19', '7573 Natalie Corner Apt. 934 South Lauren, CO 45064', 4, '2024-04-03 18:05:53.998730', '2024-04-22 18:05:53.998730', NULL),
(132, 'Laura Walker', '1974-09-30', 'Unit 5052 Box 4741 DPO AE 32080', 40, '2024-05-23 02:18:48.891452', '2024-06-12 02:18:48.891452', '2024-07-06 02:18:48.891452'),
(133, 'Kevin Perez', '1999-05-27', '29969 Arnold Turnpike Apt. 108 South Matthewtown, DC 13076', 69, '2024-02-15 03:14:01.960273', '2024-03-08 03:14:01.960273', NULL),
(134, 'Stephanie Harris', '1982-12-03', '28104 Michelle Skyway Apt. 732 New Kevinport, FM 05760', 57, '2024-03-01 11:32:04.621623', '2024-03-21 11:32:04.621623', '2024-04-20 11:32:04.621623'),
(135, 'Josefina Lopez', '2003-01-10', '68351 Courtney Mountains Apt. 472 New Erik, AL 82683', 114, '2024-01-19 00:43:24.142836', '2024-02-03 00:43:24.142836', NULL),
(136, 'Gregory Scott', '1957-03-14', '8236 Mcintosh Prairie Suite 428 Lake Michelle, CO 98705', 125, '2024-05-27 22:02:52.612927', '2024-06-14 22:02:52.612927', '2024-07-03 22:02:52.612927'),
(137, 'Karen Young', '1992-08-29', '785 John Flat Lake Robert, DE 32647', 123, '2024-02-25 19:08:14.489571', '2024-03-17 19:08:14.489571', '2024-04-08 19:08:14.489571'),
(138, 'Richard Allen', '2005-10-18', '9463 Brett Ridges Apt. 547 South Matthew, AZ 14350', 29, '2024-06-08 04:52:42.433775', '2024-06-25 04:52:42.433775', '2024-07-24 04:52:42.433775'),
(139, 'Anna Garcia', '1976-06-15', '978 Baker Highway Suite 804 Lake Robert, WA 98843', 12, '2024-02-29 05:08:20.184682', '2024-03-16 05:08:20.184682', '2024-03-22 05:08:20.184682'),
(140, 'Dennis Hernandez', '1989-04-30', '769 Richard Forge Apt. 189 New Jeremyland, CT 27375', 60, '2024-04-27 23:30:17.761250', '2024-05-20 23:30:17.761250', NULL),
(141, 'Melissa King', '1973-09-21', 'Unit 3512 Box 3532 DPO AP 48655', 111, '2024-06-11 20:27:45.774823', '2024-07-07 20:27:45.774823', NULL),
(142, 'Edward Hall', '2010-12-09', '1443 Craig Cove Suite 267 Port Dustin, MD 95320', 5, '2024-04-18 15:11:48.645835', '2024-05-05 15:11:48.645835', '2024-05-20 15:11:48.645835'),
(143, 'Christine Wright', '1954-01-20', '0476 Daniel Bypass Suite 309 Jonesmouth, NH 51284', 70, '2024-05-21 08:02:47.120698', '2024-06-18 08:02:47.120698', '2024-07-17 08:02:47.120698'),
(144, 'Alan Lewis', '1998-03-16', '034 Hernandez Brooks Apt. 674 West Jeffreyside, TX 58976', 111, '2024-06-03 12:16:56.149242', '2024-06-24 12:16:56.149242', NULL),
(145, 'Amy Moore', '1986-07-08', '8996 Baker Prairie Suite 661 Lake Matthew, AL 96782', 48, '2024-04-23 17:47:14.817543', '2024-05-07 17:47:14.817543', '2024-06-01 17:47:14.817543'),
(146, 'Patrick Perez', '1966-11-15', 'Unit 4426 Box 8084 DPO AP 49591', 136, '2024-01-01 11:08:10.657524', '2024-01-30 11:08:10.657524', NULL),
(147, 'Catherine Robinson', '2001-06-12', '7135 Brian Fields Apt. 823 Lake Tammy, DE 22405', 69, '2024-02-06 07:23:55.956320', '2024-03-01 07:23:55.956320', NULL),
(148, 'Larry Torres', '1961-12-07', '6473 Thompson Villages Apt. 988 Johnsonport, ME 38166', 29, '2024-01-02 09:32:06.392661', '2024-01-12 09:32:06.392661', NULL),
(149, 'Rachel Diaz', '1989-09-03', '712 Williams Falls Apt. 692 Thompsonberg, HI 45527', 2, '2024-05-16 22:45:16.991575', '2024-06-03 22:45:16.991575', '2024-06-19 22:45:16.991575'),
(150, 'Jacob Martinez', '1970-10-18', 'Unit 5248 Box 5988 DPO AP 63260', 42, '2024-05-05 03:30:09.972086', '2024-05-23 03:30:09.972086', '2024-06-08 03:30:09.972086'),
(151, 'Michelle Rodriguez', '1987-04-08', '5095 Jeffrey Courts Apt. 793 Lake Debra, CA 71953', 114, '2024-02-06 17:21:35.775509', '2024-02-19 17:21:35.775509', NULL),
(152, 'Diana Davis', '1979-12-01', '00550 Williams Course Suite 570 North Andrewland, CT 37262', 54, '2024-04-17 08:56:12.222563', '2024-05-08 08:56:12.222563', '2024-05-16 08:56:12.222563'),
(153, 'Justin Perez', '1985-06-25', '5912 Garcia Key Suite 677 Lake Corey, AK 95538', 116, '2024-01-24 10:17:05.482632', '2024-02-06 10:17:05.482632', NULL),
(154, 'Tammy Brown', '1993-02-28', '5372 Randy Mountain Apt. 861 West Dennisport, TN 89642', 82, '2024-05-17 19:53:22.200821', '2024-06-05 19:53:22.200821', NULL),
(155, 'Christopher Johnson', '1961-03-19', '67915 Troy Path Apt. 434 West Mary, WV 56807', 92, '2024-01-05 14:54:42.150554', '2024-01-25 14:54:42.150554', NULL),
(156, 'Julie Martin', '1984-08-03', '3293 Taylor Heights Suite 653 North Stephanieshire, CO 10011', 22, '2024-04-08 22:02:05.992263', '2024-04-22 22:02:05.992263', '2024-05-16 22:02:05.992263'),
(157, 'Jerry Hernandez', '2007-05-06', '878 Amy Brooks Apt. 733 Lake William, MT 93632', 83, '2024-06-02 13:18:16.895877', '2024-06-22 13:18:16.895877', '2024-07-17 13:18:16.895877'),
(158, 'Deborah Taylor', '1956-01-12', '63598 Johnson Drive Apt. 748 South Robert, FM 82195', 85, '2024-01-15 04:07:41.743470', '2024-01-31 04:07:41.743470', NULL),
(159, 'Scott Walker', '2003-03-04', '06569 Jamie Junctions Apt. 630 Port Sean, MO 23742', 142, '2024-04-21 17:32:03.698561', '2024-05-17 17:32:03.698561', '2024-06-05 17:32:03.698561'),
(160, 'Sara Lewis', '1980-09-14', '876 Andrew Mews Apt. 446 East Robert, AL 27529', 117, '2024-01-29 07:19:44.220113', '2024-02-09 07:19:44.220113', '2024-02-23 07:19:44.220113'),
(161, 'Philip White', '1996-08-12', '3180 Lane Plains Apt. 225 South Zachary, MT 64262', 106, '2024-03-25 10:52:21.395826', '2024-04-08 10:52:21.395826', '2024-04-29 10:52:21.395826'),
(162, 'Debra Clark', '1975-10-09', 'Unit 1428 Box 5287 DPO AA 32894', 8, '2024-06-10 08:23:31.479076', '2024-06-28 08:23:31.479076', '2024-07-10 08:23:31.479076'),
(163, 'Brandon Adams', '1998-11-20', '986 Christine Ports Apt. 993 West Tiffany, VT 05143', 110, '2024-03-09 01:05:37.538426', '2024-03-20 01:05:37.538426', '2024-04-14 01:05:37.538426'),
(164, 'Jessica Martinez', '2004-04-27', '836 Jeffrey Corners Apt. 261 North Stephen, NV 95498', 87, '2024-01-04 14:17:35.425302', '2024-01-28 14:17:35.425302', '2024-02-23 14:17:35.425302'),
(165, 'Larry Rodriguez', '1979-06-16', '4810 Hogan Turnpike Apt. 246 West Steven, SD 97472', 148, '2024-05-11 23:24:09.348426', '2024-05-28 23:24:09.348426', NULL),
(166, 'Helen Wright', '1965-02-25', 'Unit 2036 Box 7921 DPO AA 29342', 52, '2024-02-23 12:38:47.076253', '2024-03-09 12:38:47.076253', NULL),
(167, 'Joseph Martin', '1986-10-11', 'PSC 3798, Box 9255 APO AP 63366', 25, '2024-01-27 00:13:14.873081', '2024-02-13 00:13:14.873081', NULL),
(168, 'Julia Garcia', '2009-05-08', '484 Karen Isle Suite 663 West Melissaburgh, OR 75293', 130, '2024-03-04 08:51:47.900596', '2024-03-27 08:51:47.900596', NULL),
(169, 'Patrick Gonzalez', '1985-04-06', '4471 Christopher Centers Apt. 949 Lake Crystal, PA 10687', 91, '2024-05-09 05:44:13.635313', '2024-05-31 05:44:13.635313', NULL),
(170, 'Carol Davis', '1951-02-12', '3195 Butler Loop Apt. 611 East Sarah, MT 96106', 61, '2024-05-20 15:39:53.315779', '2024-06-07 15:39:53.315779', '2024-07-01 15:39:53.315779'),
(171, 'Billy Flores', '1978-11-09', '479 Christy Motorway Apt. 498 Port Dianaland, FM 59398', 128, '2024-06-01 05:25:55.262473', '2024-06-25 05:25:55.262473', NULL),
(172, 'Kathy Hernandez', '2000-06-23', 'Unit 2122 Box 8843 DPO AP 99689', 78, '2024-03-12 13:03:57.543152', '2024-04-01 13:03:57.543152', NULL),
(173, 'Harold White', '1996-12-14', 'Unit 2642 Box 9474 DPO AP 77404', 135, '2024-04-25 11:18:19.636984', '2024-05-07 11:18:19.636984', '2024-05-29 11:18:19.636984'),
(174, 'Marie King', '1982-10-08', '383 White Knoll Apt. 882 North Kimberlyport, SD 17569', 26, '2024-02-01 16:09:38.296022', '2024-02-17 16:09:38.296022', '2024-03-13 16:09:38.296022'),
(175, 'Victor Martinez', '1969-04-27', '87738 Amanda Motorway Suite 303 South Steven, NH 02408', 118, '2024-04-13 05:57:58.840225', '2024-05-05 05:57:58.840225', NULL),
(176, 'Carolyn Thompson', '1988-08-15', '6730 Paula Mews Apt. 896 Smithburgh, NJ 59767', 92, '2024-03-14 02:40:34.453135', '2024-04-03 02:40:34.453135', '2024-04-26 02:40:34.453135'),
(177, 'Willie Hall', '2005-11-22', '22661 Mitchell Tunnel Suite 211 West Sean, GA 13462', 65, '2024-02-19 21:53:30.996816', '2024-03-08 21:53:30.996816', NULL),
(178, 'Cynthia Walker', '1987-01-30', 'Unit 0984 Box 9487 DPO AA 04273', 101, '2024-06-03 18:36:17.832294', '2024-06-24 18:36:17.832294', NULL),
(179, 'Bruce Scott', '1964-07-18', '27923 Lisa Roads Apt. 332 New Brian, NC 11844', 103, '2024-01-16 09:57:35.891878', '2024-02-05 09:57:35.891878', NULL),
(180, 'Jane Gonzalez', '1990-09-05', 'Unit 3044 Box 8135 DPO AP 54095', 38, '2024-01-25 20:41:15.244772', '2024-02-11 20:41:15.244772', NULL),
(181, 'Keith Rodriguez', '1997-03-28', '3498 Charles Brooks Apt. 443 New Kyle, NM 58271', 149, '2024-03-22 12:26:39.295732', '2024-04-18 12:26:39.295732', '2024-05-13 12:26:39.295732'),
(182, 'Lori Hernandez', '1972-05-17', '864 Hernandez Neck Apt. 569 Port Brittany, LA 29643', 92, '2024-02-09 04:32:12.147735', '2024-02-24 04:32:12.147735', '2024-03-20 04:32:12.147735'),
(183, 'Gary Scott', '2000-12-09', '2662 Hernandez Mount Suite 635 New Gregory, MO 91560', 114, '2024-01-10 07:34:24.352914', '2024-01-28 07:34:24.352914', NULL),
(184, 'Judith Garcia', '1986-02-14', '91345 Brown Inlet Apt. 878 New Jenniferbury, PA 61257', 114, '2024-04-16 03:41:09.731024', '2024-05-07 03:41:09.731024', '2024-06-03 03:41:09.731024'),
(185, 'Carl Edwards', '1953-09-08', 'PSC 7945, Box 3005 APO AE 11411', 11, '2024-04-19 17:54:06.916445', '2024-05-08 17:54:06.916445', '2024-05-30 17:54:06.916445'),
(186, 'Teresa Adams', '1978-06-03', '8420 Pugh Villages Apt. 786 West Kimberlyfurt, OK 15342', 93, '2024-02-12 15:10:07.953992', '2024-03-02 15:10:07.953992', NULL),
(187, 'Gerald Harris', '2002-04-30', '513 Sean Divide Apt. 639 Lake Caleb, NH 27620', 107, '2024-04-09 03:19:24.743581', '2024-04-30 03:19:24.743581', '2024-05-18 03:19:24.743581'),
(188, 'Julia Mitchell', '1960-08-20', '024 Wilson Key Apt. 939 West Timothy, ID 33268', 120, '2024-01-31 11:28:09.633743', '2024-02-19 11:28:09.633743', NULL),
(189, 'Brandon Taylor', '1988-11-17', '040 Martinez Ville Suite 393 Lake Michaelport, AL 95724', 60, '2024-02-05 13:52:30.708774', '2024-02-24 13:52:30.708774', '2024-03-21 13:52:30.708774'),
(190, 'Betty Moore', '1995-07-22', '109 Daniel Center Suite 606 New Amanda, CA 94975', 84, '2024-05-08 10:28:53.707267', '2024-05-29 10:28:53.707267', '2024-06-19 10:28:53.707267'),
(191, 'Philip Ramirez', '1980-01-25', '448 Karen Station Suite 663 East Debramouth, MT 57461', 3, '2024-04-24 08:36:01.252569', '2024-05-18 08:36:01.252569', NULL),
(192, 'Angela Hill', '1968-03-18', '0856 Marshall Parkways Suite 397 Lake David, NJ 95667', 57, '2024-03-17 04:31:50.581353', '2024-04-10 04:31:50.581353', NULL),
(193, 'Johnny Lopez', '2006-12-11', '248 Mary Mews Suite 335 North Kimberly, NE 16230', 3, '2024-03-10 16:49:12.949012', '2024-04-01 16:49:12.949012', '2024-04-25 16:49:12.949012'),
(194, 'Carolyn Robinson', '1981-05-13', '993 Jessica Isle Apt. 452 South Erikport, NM 83642', 91, '2024-04-03 19:28:54.306907', '2024-04-26 19:28:54.306907', '2024-05-17 19:28:54.306907'),
(195, 'Alan Garcia', '1975-08-07', '1971 Scott Prairie Apt. 830 South Jamie, GA 20486', 25, '2024-01-16 23:42:06.555718', '2024-02-06 23:42:06.555718', NULL),
(196, 'Theresa Rodriguez', '1989-11-05', '53935 Randy Prairie Apt. 780 East Michaelberg, MO 01472', 55, '2024-05-11 18:28:32.408904', '2024-06-04 18:28:32.408904', '2024-06-25 18:28:32.408904'),
(197, 'Paul Gonzalez', '2002-09-10', '92315 Daniel Port Suite 865 New Johnburgh, MS 10822', 29, '2024-02-28 22:15:11.575768', '2024-03-19 22:15:11.575768', '2024-04-09 22:15:11.575768'),
(198, 'Catherine Wright', '1976-04-12', '61975 Kelly Road Apt. 737 South Jennifer, DE 29836', 84, '2024-01-06 14:48:17.973822', '2024-01-25 14:48:17.973822', NULL),
(199, 'Christopher Taylor', '1963-08-22', '967 Gregory Lane Suite 315 Lake Christopher, WA 18244', 91, '2024-06-08 04:02:20.101695', '2024-06-25 04:02:20.101695', NULL),
(200, 'Janet Clark', '1974-12-03', '57789 Paula Plains Apt. 214 New Justin, NH 87655', 71, '2024-02-02 10:55:47.837202', '2024-02-26 10:55:47.837202', NULL);

INSERT INTO Citas (id, id_paciente, id_profesional, id_centro, fecha, id_motivo, created_at, updated_at, disabled_at) VALUES
(1, 185, 42, 28, '2024-02-11 13:04:48.610752', 31, '2024-02-01 13:04:48.610752', '2024-02-17 13:04:48.610752', '2024-03-06 13:04:48.610752'),
(2, 192, 20, 4, '2023-07-18 10:51:12.512411', 46, '2023-06-24 10:51:12.512411', '2023-07-11 10:51:12.512411', '2023-07-30 10:51:12.512411'),
(3, 50, 7, 22, '2023-09-10 18:53:26.850791', 11, '2023-08-24 18:53:26.850791', '2023-09-10 18:53:26.850791', '2023-10-03 18:53:26.850791'),
(4, 52, 17, 23, '2024-02-11 16:07:59.838194', 21, '2024-01-27 16:07:59.838194', '2024-01-28 16:07:59.838194', '2024-02-15 16:07:59.838194'),
(5, 29, 23, 11, '2024-05-08 04:14:47.681532', 3, '2024-04-24 04:14:47.681532', '2024-05-02 04:14:47.681532', '2024-05-26 04:14:47.681532'),
(6, 35, 8, 17, '2023-08-13 23:47:01.468766', 39, '2023-08-02 23:47:01.468766', '2023-08-27 23:47:01.468766', '2023-09-03 23:47:01.468766'),
(7, 190, 30, 27, '2023-06-29 21:42:23.537105', 23, '2023-06-01 21:42:23.537105', '2023-06-29 21:42:23.537105', '2023-07-13 21:42:23.537105'),
(8, 41, 26, 10, '2024-02-28 04:28:37.330292', 38, '2024-01-30 04:28:37.330292', '2024-02-09 04:28:37.330292', '2024-02-16 04:28:37.330292'),
(9, 136, 8, 18, '2023-10-07 17:27:55.919836', 22, '2023-09-10 17:27:55.919836', '2023-09-12 17:27:55.919836', '2023-09-30 17:27:55.919836'),
(10, 90, 18, 6, '2023-09-07 13:16:15.681240', 23, '2023-08-11 13:16:15.681240', '2023-09-07 13:16:15.681240', '2023-10-04 13:16:15.681240'),
(11, 109, 39, 6, '2023-07-20 02:56:00.228939', 7, '2023-07-05 02:56:00.228939', '2023-07-29 02:56:00.228939', '2023-08-08 02:56:00.228939'),
(12, 121, 2, 16, '2023-12-10 01:36:17.311491', 8, '2023-12-04 01:36:17.311491', '2023-12-21 01:36:17.311491', '2024-01-10 01:36:17.311491'),
(13, 197, 34, 23, '2023-09-09 06:02:40.834736', 7, '2023-08-30 06:02:40.834736', '2023-09-02 06:02:40.834736', '2023-09-18 06:02:40.834736'),
(14, 162, 26, 13, '2024-01-20 23:28:46.783968', 36, '2024-01-18 23:28:46.783968', '2024-02-07 23:28:46.783968', '2024-02-27 23:28:46.783968'),
(15, 161, 19, 24, '2023-10-09 11:39:10.781797', 38, '2023-09-29 11:39:10.781797', '2023-10-26 11:39:10.781797', '2023-11-03 11:39:10.781797'),
(16, 166, 34, 3, '2024-01-25 19:04:15.923120', 10, '2024-01-07 19:04:15.923120', '2024-01-09 19:04:15.923120', '2024-01-14 19:04:15.923120'),
(17, 114, 36, 28, '2024-05-16 15:23:12.800282', 13, '2024-05-14 15:23:12.800282', '2024-05-15 15:23:12.800282', '2024-05-21 15:23:12.800282'),
(18, 54, 15, 25, '2023-09-03 22:44:33.746445', 5, '2023-08-13 22:44:33.746445', '2023-08-24 22:44:33.746445', '2023-09-23 22:44:33.746445'),
(19, 189, 5, 15, '2024-04-02 20:55:36.582759', 31, '2024-03-21 20:55:36.582759', '2024-04-06 20:55:36.582759', '2024-04-17 20:55:36.582759'),
(20, 70, 23, 1, '2023-09-07 04:27:58.342092', 40, '2023-08-18 04:27:58.342092', '2023-08-26 04:27:58.342092', '2023-09-21 04:27:58.342092'),
(21, 36, 22, 9, '2024-06-06 23:02:29.783298', 8, '2024-05-20 23:02:29.783298', '2024-06-13 23:02:29.783298', '2024-06-29 23:02:29.783298'),
(22, 52, 31, 3, '2024-04-07 20:43:13.627830', 15, '2024-03-18 20:43:13.627830', '2024-03-26 20:43:13.627830', '2024-04-22 20:43:13.627830'),
(23, 138, 11, 4, '2024-02-06 07:06:50.534830', 21, '2024-01-10 07:06:50.534830', '2024-01-16 07:06:50.534830', '2024-02-05 07:06:50.534830'),
(24, 18, 6, 18, '2024-02-04 17:04:04.124693', 3, '2024-01-17 17:04:04.124693', '2024-01-19 17:04:04.124693', '2024-02-03 17:04:04.124693'),
(25, 141, 34, 6, '2024-06-18 09:27:30.129442', 3, '2024-05-24 09:27:30.129442', '2024-06-02 09:27:30.129442', '2024-06-05 09:27:30.129442'),
(26, 89, 5, 6, '2024-03-15 16:17:36.935774', 7, '2024-02-29 16:17:36.935774', '2024-03-05 16:17:36.935774', '2024-03-24 16:17:36.935774'),
(27, 193, 11, 17, '2023-08-21 14:39:08.362788', 45, '2023-08-11 14:39:08.362788', '2023-08-25 14:39:08.362788', '2023-08-30 14:39:08.362788'),
(28, 45, 27, 21, '2024-06-10 11:48:00.924315', 11, '2024-05-21 11:48:00.924315', '2024-06-06 11:48:00.924315', '2024-06-11 11:48:00.924315'),
(29, 80, 29, 27, '2024-05-05 08:23:21.291545', 34, '2024-04-23 08:23:21.291545', '2024-04-27 08:23:21.291545', '2024-05-23 08:23:21.291545'),
(30, 177, 17, 4, '2024-05-16 19:31:48.904802', 13, '2024-05-02 19:31:48.904802', '2024-05-15 19:31:48.904802', '2024-06-01 19:31:48.904802'),
(31, 32, 14, 19, '2024-03-11 15:29:03.941669', 15, '2024-02-22 15:29:03.941669', '2024-03-08 15:29:03.941669', '2024-03-26 15:29:03.941669'),
(32, 25, 31, 27, '2024-06-14 21:43:13.239299', 36, '2024-05-29 21:43:13.239299', '2024-06-05 21:43:13.239299', '2024-06-26 21:43:13.239299'),
(33, 30, 5, 9, '2023-10-21 11:53:04.401034', 4, '2023-10-01 11:53:04.401034', '2023-10-15 11:53:04.401034', '2023-11-07 11:53:04.401034'),
(34, 171, 18, 20, '2024-06-06 23:14:21.307612', 34, '2024-05-30 23:14:21.307612', '2024-06-06 23:14:21.307612', '2024-06-22 23:14:21.307612'),
(35, 132, 7, 26, '2024-01-13 15:45:13.741025', 12, '2024-01-06 15:45:13.741025', '2024-01-12 15:45:13.741025', '2024-01-30 15:45:13.741025'),
(36, 99, 34, 21, '2024-04-15 03:01:30.223313', 29, '2024-03-23 03:01:30.223313', '2024-04-06 03:01:30.223313', '2024-04-22 03:01:30.223313'),
(37, 104, 6, 9, '2023-10-12 20:12:04.839670', 18, '2023-09-19 20:12:04.839670', '2023-09-28 20:12:04.839670', '2023-10-24 20:12:04.839670'),
(38, 19, 23, 17, '2024-02-22 18:48:55.155293', 30, '2024-01-28 18:48:55.155293', '2024-02-10 18:48:55.155293', '2024-03-11 18:48:55.155293'),
(39, 62, 37, 9, '2024-03-18 05:22:47.568721', 36, '2024-03-01 05:22:47.568721', '2024-03-07 05:22:47.568721', '2024-03-19 05:22:47.568721'),
(40, 110, 20, 17, '2024-01-30 01:28:12.352628', 22, '2024-01-12 01:28:12.352628', '2024-01-16 01:28:12.352628', '2024-01-31 01:28:12.352628'),
(41, 64, 36, 6, '2024-03-21 12:23:50.297216', 16, '2024-02-26 12:23:50.297216', '2024-03-06 12:23:50.297216', '2024-03-28 12:23:50.297216'),
(42, 180, 40, 15, '2024-02-28 12:11:43.879603', 36, '2024-02-16 12:11:43.879603', '2024-02-18 12:11:43.879603', '2024-03-12 12:11:43.879603'),
(43, 22, 6, 3, '2024-05-09 21:58:14.180336', 24, '2024-04-29 21:58:14.180336', '2024-05-07 21:58:14.180336', '2024-05-21 21:58:14.180336'),
(44, 71, 14, 8, '2023-11-01 20:20:57.970950', 4, '2023-10-18 20:20:57.970950', '2023-10-24 20:20:57.970950', '2023-11-04 20:20:57.970950'),
(45, 117, 27, 18, '2023-10-13 18:17:11.154962', 10, '2023-09-27 18:17:11.154962', '2023-10-12 18:17:11.154962', '2023-11-06 18:17:11.154962'),
(46, 74, 23, 15, '2024-01-19 02:56:26.389625', 12, '2024-01-04 02:56:26.389625', '2024-01-18 02:56:26.389625', '2024-01-30 02:56:26.389625'),
(47, 46, 22, 9, '2023-11-16 19:19:33.014574', 31, '2023-11-01 19:19:33.014574', '2023-11-04 19:19:33.014574', '2023-11-19 19:19:33.014574'),
(48, 169, 30, 11, '2023-11-27 08:58:06.716667', 15, '2023-11-07 08:58:06.716667', '2023-11-21 08:58:06.716667', '2023-12-01 08:58:06.716667'),
(49, 65, 35, 5, '2024-04-09 06:37:21.118365', 35, '2024-03-25 06:37:21.118365', '2024-04-02 06:37:21.118365', '2024-04-23 06:37:21.118365'),
(50, 155, 34, 18, '2024-03-07 17:47:47.436281', 28, '2024-02-17 17:47:47.436281', '2024-03-01 17:47:47.436281', '2024-03-28 17:47:47.436281'),
(51, 190, 41, 22, '2024-02-25 09:30:15.892341', 39, '2024-02-10 09:30:15.892341', '2024-02-18 09:30:15.892341', '2024-03-08 09:30:15.892341'),
(52, 111, 9, 24, '2024-04-19 14:24:57.983124', 7, '2024-04-03 14:24:57.983124', '2024-04-10 14:24:57.983124', '2024-04-29 14:24:57.983124'),
(53, 83, 38, 5, '2024-03-13 13:19:21.563427', 13, '2024-02-28 13:19:21.563427', '2024-03-10 13:19:21.563427', '2024-03-23 13:19:21.563427'),
(54, 162, 25, 16, '2024-01-15 18:47:03.789425', 12, '2024-01-03 18:47:03.789425', '2024-01-09 18:47:03.789425', '2024-01-30 18:47:03.789425'),
(55, 98, 39, 8, '2023-11-30 08:39:41.572938', 15, '2023-11-10 08:39:41.572938', '2023-11-20 08:39:41.572938', '2023-12-05 08:39:41.572938'),
(56, 157, 42, 25, '2024-02-28 16:22:31.198753', 30, '2024-02-13 16:22:31.198753', '2024-02-20 16:22:31.198753', '2024-03-14 16:22:31.198753'),
(57, 36, 21, 23, '2023-12-19 19:12:05.674831', 16, '2023-11-29 19:12:05.674831', '2023-12-10 19:12:05.674831', '2024-01-02 19:12:05.674831'),
(58, 142, 40, 26, '2024-03-06 11:15:27.794615', 18, '2024-02-21 11:15:27.794615', '2024-02-26 11:15:27.794615', '2024-03-20 11:15:27.794615'),
(59, 144, 11, 2, '2023-10-25 14:47:59.285973', 8, '2023-10-05 14:47:59.285973', '2023-10-17 14:47:59.285973', '2023-11-08 14:47:59.285973'),
(60, 78, 18, 14, '2024-05-18 20:33:22.913421', 23, '2024-04-29 20:33:22.913421', '2024-05-12 20:33:22.913421', '2024-06-03 20:33:22.913421'),
(61, 94, 6, 18, '2024-01-10 08:44:11.683519', 12, '2023-12-25 08:44:11.683519', '2024-01-03 08:44:11.683519', '2024-01-20 08:44:11.683519'),
(62, 108, 43, 20, '2023-11-07 22:31:37.297492', 21, '2023-10-21 22:31:37.297492', '2023-10-30 22:31:37.297492', '2023-11-22 22:31:37.297492'),
(63, 131, 31, 7, '2024-04-01 14:22:19.872135', 30, '2024-03-18 14:22:19.872135', '2024-03-24 14:22:19.872135', '2024-04-15 14:22:19.872135'),
(64, 147, 22, 4, '2024-02-14 17:59:48.543672', 12, '2024-02-03 17:59:48.543672', '2024-02-07 17:59:48.543672', '2024-03-02 17:59:48.543672'),
(65, 55, 5, 12, '2024-05-23 09:43:25.297468', 17, '2024-05-04 09:43:25.297468', '2024-05-11 09:43:25.297468', '2024-06-01 09:43:25.297468'),
(66, 138, 19, 22, '2023-11-15 19:24:54.874312', 29, '2023-10-28 19:24:54.874312', '2023-11-05 19:24:54.874312', '2023-11-28 19:24:54.874312'),
(67, 61, 4, 14, '2023-12-04 13:28:10.156738', 8, '2023-11-18 13:28:10.156738', '2023-11-22 13:28:10.156738', '2023-12-19 13:28:10.156738'),
(68, 139, 3, 7, '2024-03-12 11:35:41.892519', 16, '2024-02-26 11:35:41.892519', '2024-03-06 11:35:41.892519', '2024-03-22 11:35:41.892519'),
(69, 96, 13, 21, '2023-12-13 18:47:36.318971', 22, '2023-11-29 18:47:36.318971', '2023-12-06 18:47:36.318971', '2024-01-01 18:47:36.318971'),
(70, 102, 36, 9, '2024-05-28 08:12:44.473890', 32, '2024-05-11 08:12:44.473890', '2024-05-19 08:12:44.473890', '2024-06-15 08:12:44.473890'),
(71, 109, 24, 19, '2024-01-31 09:43:19.154378', 10, '2024-01-14 09:43:19.154378', '2024-01-20 09:43:19.154378', '2024-02-07 09:43:19.154378'),
(72, 101, 20, 6, '2024-06-12 14:39:05.987432', 25, '2024-05-30 14:39:05.987432', '2024-06-05 14:39:05.987432', '2024-06-20 14:39:05.987432'),
(73, 81, 33, 2, '2023-10-30 22:18:32.841065', 9, '2023-10-14 22:18:32.841065', '2023-10-22 22:18:32.841065', '2023-11-10 22:18:32.841065'),
(74, 140, 17, 1, '2024-05-17 19:28:41.321054', 11, '2024-04-26 19:28:41.321054', '2024-05-08 19:28:41.321054', '2024-06-01 19:28:41.321054'),
(75, 93, 30, 11, '2024-02-04 08:15:23.763914', 14, '2024-01-17 08:15:23.763914', '2024-01-25 08:15:23.763914', '2024-02-20 08:15:23.763914'),
(76, 151, 12, 20, '2023-11-01 13:52:38.472310', 6, '2023-10-15 13:52:38.472310', '2023-10-24 13:52:38.472310', '2023-11-18 13:52:38.472310'),
(77, 135, 44, 25, '2024-03-09 15:47:22.591342', 17, '2024-02-24 15:47:22.591342', '2024-03-03 15:47:22.591342', '2024-03-18 15:47:22.591342'),
(78, 82, 8, 23, '2023-12-17 12:29:57.843159', 26, '2023-11-30 12:29:57.843159', '2023-12-10 12:29:57.843159', '2024-01-01 12:29:57.843159'),
(79, 85, 23, 17, '2024-01-08 10:33:11.392427', 8, '2023-12-21 10:33:11.392427', '2023-12-28 10:33:11.392427', '2024-01-27 10:33:11.392427'),
(80, 120, 45, 3, '2024-04-21 11:21:37.472918', 11, '2024-04-07 11:21:37.472918', '2024-04-15 11:21:37.472918', '2024-05-04 11:21:37.472918'),
(81, 115, 15, 15, '2024-02-06 08:47:53.983427', 23, '2024-01-19 08:47:53.983427', '2024-01-26 08:47:53.983427', '2024-02-24 08:47:53.983427'),
(82, 154, 26, 12, '2023-11-22 19:11:47.394281', 20, '2023-11-03 19:11:47.394281', '2023-11-10 19:11:47.394281', '2023-12-02 19:11:47.394281'),
(83, 87, 35, 5, '2024-03-25 17:32:28.173528', 13, '2024-03-12 17:32:28.173528', '2024-03-19 17:32:28.173528', '2024-04-09 17:32:28.173528'),
(84, 119, 10, 10, '2024-01-12 18:48:17.283716', 19, '2023-12-31 18:48:17.283716', '2024-01-06 18:48:17.283716', '2024-01-29 18:48:17.283716'),
(85, 79, 7, 13, '2024-05-14 21:24:39.283174', 10, '2024-04-29 21:24:39.283174', '2024-05-05 21:24:39.283174', '2024-06-02 21:24:39.283174'),
(86, 92, 46, 8, '2024-04-10 20:39:11.928173', 30, '2024-03-25 20:39:11.928173', '2024-04-01 20:39:11.928173', '2024-04-22 20:39:11.928173'),
(87, 130, 27, 21, '2023-12-28 11:22:25.927435', 27, '2023-12-11 11:22:25.927435', '2023-12-19 11:22:25.927435', '2024-01-10 11:22:25.927435'),
(88, 123, 2, 18, '2023-11-09 16:11:19.397825', 5, '2023-10-20 16:11:19.397825', '2023-10-27 16:11:19.397825', '2023-11-30 16:11:19.397825'),
(89, 110, 1, 14, '2024-02-01 14:28:45.872319', 14, '2024-01-16 14:28:45.872319', '2024-01-24 14:28:45.872319', '2024-02-17 14:28:45.872319'),
(90, 148, 28, 11, '2023-10-28 08:11:29.387451', 29, '2023-10-08 08:11:29.387451', '2023-10-17 08:11:29.387451', '2023-11-09 08:11:29.387451'),
(91, 104, 32, 26, '2024-04-05 13:34:57.984135', 20, '2024-03-23 13:34:57.984135', '2024-03-29 13:34:57.984135', '2024-04-25 13:34:57.984135'),
(92, 117, 16, 6, '2024-05-22 16:41:39.294810', 17, '2024-05-03 16:41:39.294810', '2024-05-11 16:41:39.294810', '2024-06-06 16:41:39.294810'),
(93, 114, 29, 12, '2024-01-03 10:29:44.719325', 31, '2023-12-14 10:29:44.719325', '2023-12-23 10:29:44.719325', '2024-01-24 10:29:44.719325'),
(94, 153, 37, 25, '2023-10-11 12:31:11.574821', 15, '2023-09-25 12:31:11.574821', '2023-10-04 12:31:11.574821', '2023-10-28 12:31:11.574821'),
(95, 106, 14, 7, '2024-03-27 15:33:55.872492', 28, '2024-03-10 15:33:55.872492', '2024-03-17 15:33:55.872492', '2024-04-11 15:33:55.872492'),
(96, 88, 47, 3, '2024-01-26 09:14:11.286437', 18, '2024-01-11 09:14:11.286437', '2024-01-19 09:14:11.286437', '2024-02-12 09:14:11.286437'),
(97, 91, 34, 24, '2024-02-11 17:24:37.927492', 12, '2024-01-27 17:24:37.927492', '2024-02-03 17:24:37.927492', '2024-02-26 17:24:37.927492'),
(98, 129, 25, 22, '2024-03-22 10:18:45.983724', 21, '2024-03-06 10:18:45.983724', '2024-03-14 10:18:45.983724', '2024-04-08 10:18:45.983724'),
(99, 149, 17, 13, '2023-12-02 13:31:27.574812', 19, '2023-11-16 13:31:27.574812', '2023-11-22 13:31:27.574812', '2023-12-17 13:31:27.574812'),
(100, 122, 6, 9, '2024-05-26 18:47:14.283692', 16, '2024-05-10 18:47:14.283692', '2024-05-19 18:47:14.283692', '2024-06-09 18:47:14.283692'),
(101, 124, 45, 26, '2024-06-09 13:15:12.345058', 48, '2024-06-06 13:15:12.345058', '2024-06-24 13:15:12.345058', '2024-07-22 13:15:12.345058'),
(102, 62, 1, 19, '2023-07-18 00:35:41.006541', 36, '2023-06-21 00:35:41.006541', '2023-06-23 00:35:41.006541', '2023-07-18 00:35:41.006541'),
(103, 80, 47, 26, '2023-08-29 18:00:13.372354', 43, '2023-08-19 18:00:13.372354', '2023-08-21 18:00:13.372354', '2023-09-16 18:00:13.372354'),
(104, 69, 42, 17, '2024-02-28 15:11:20.543449', 32, '2024-02-27 15:11:20.543449', '2024-03-09 15:11:20.543449', '2024-04-05 15:11:20.543449'),
(105, 159, 29, 28, '2023-07-09 10:20:42.722674', 34, '2023-06-29 10:20:42.722674', '2023-07-06 10:20:42.722674', '2023-07-09 10:20:42.722674'),
(106, 13, 17, 3, '2024-05-20 02:24:32.439865', 3, '2024-05-06 02:24:32.439865', '2024-05-11 02:24:32.439865', '2024-05-15 02:24:32.439865'),
(107, 67, 1, 19, '2023-12-04 05:34:22.621456', 6, '2023-11-10 05:34:22.621456', '2023-11-21 05:34:22.621456', '2023-12-04 05:34:22.621456'),
(108, 115, 36, 17, '2023-11-11 07:08:07.171677', 17, '2023-10-22 07:08:07.171677', '2023-10-31 07:08:07.171677', '2023-11-30 07:08:07.171677'),
(109, 29, 4, 6, '2023-07-11 21:01:50.395094', 16, '2023-06-12 21:01:50.395094', '2023-07-09 21:01:50.395094', '2023-07-10 21:01:50.395094'),
(110, 193, 45, 2, '2024-05-17 14:21:59.366003', 47, '2024-05-01 14:21:59.366003', '2024-05-31 14:21:59.366003', '2024-06-26 14:21:59.366003'),
(111, 136, 26, 5, '2023-08-28 10:48:26.011261', 16, '2023-08-01 10:48:26.011261', '2023-08-02 10:48:26.011261', '2023-08-12 10:48:26.011261'),
(112, 6, 17, 25, '2024-04-18 16:09:17.082088', 7, '2024-04-03 16:09:17.082088', '2024-04-25 16:09:17.082088', '2024-05-08 16:09:17.082088'),
(113, 167, 17, 20, '2023-11-01 21:22:16.597408', 23, '2023-10-24 21:22:16.597408', '2023-10-31 21:22:16.597408', '2023-11-22 21:22:16.597408'),
(114, 80, 18, 20, '2024-03-19 01:10:32.138051', 25, '2024-03-17 01:10:32.138051', '2024-04-16 01:10:32.138051', '2024-04-19 01:10:32.138051'),
(115, 34, 31, 6, '2024-01-16 10:27:23.320532', 40, '2023-12-31 10:27:23.320532', '2024-01-12 10:27:23.320532', '2024-02-08 10:27:23.320532'),
(116, 137, 37, 16, '2024-01-26 10:29:53.233223', 17, '2024-01-20 10:29:53.233223', '2024-01-29 10:29:53.233223', '2024-02-16 10:29:53.233223'),
(117, 161, 29, 16, '2023-08-12 22:19:07.962266', 4, '2023-08-04 22:19:07.962266', '2023-09-01 22:19:07.962266', '2023-09-30 22:19:07.962266'),
(118, 194, 41, 2, '2024-03-26 21:23:15.783243', 43, '2024-03-14 21:23:15.783243', '2024-03-22 21:23:15.783243', '2024-03-29 21:23:15.783243'),
(119, 20, 41, 22, '2023-09-07 18:32:02.208643', 43, '2023-08-28 18:32:02.208643', '2023-09-22 18:32:02.208643', '2023-10-11 18:32:02.208643'),
(120, 6, 11, 21, '2023-09-29 04:56:50.288194', 30, '2023-09-21 04:56:50.288194', '2023-09-28 04:56:50.288194', '2023-10-10 04:56:50.288194'),
(121, 188, 33, 21, '2023-10-15 10:07:30.148047', 31, '2023-10-03 10:07:30.148047', '2023-10-20 10:07:30.148047', '2023-11-17 10:07:30.148047'),
(122, 76, 9, 2, '2023-10-13 16:52:34.370987', 35, '2023-09-29 16:52:34.370987', '2023-10-22 16:52:34.370987', '2023-11-02 16:52:34.370987'),
(123, 161, 34, 17, '2024-06-17 09:17:55.784704', 28, '2024-06-01 09:17:55.784704', '2024-06-02 09:17:55.784704', '2024-07-02 09:17:55.784704'),
(124, 105, 35, 28, '2024-01-21 00:10:32.689855', 4, '2024-01-18 00:10:32.689855', '2024-01-22 00:10:32.689855', '2024-01-31 00:10:32.689855'),
(125, 40, 47, 27, '2024-01-22 15:20:18.973327', 17, '2024-01-11 15:20:18.973327', '2024-01-22 15:20:18.973327', '2024-01-30 15:20:18.973327'),
(126, 111, 20, 9, '2024-04-13 11:45:30.763686', 23, '2024-03-25 11:45:30.763686', '2024-03-29 11:45:30.763686', '2024-04-08 11:45:30.763686'),
(127, 112, 23, 8, '2024-04-18 05:28:26.017067', 39, '2024-03-27 05:28:26.017067', '2024-04-05 05:28:26.017067', '2024-05-04 05:28:26.017067'),
(128, 115, 20, 15, '2024-01-30 12:00:57.582208', 11, '2024-01-18 12:00:57.582208', '2024-01-20 12:00:57.582208', '2024-02-17 12:00:57.582208'),
(129, 100, 27, 7, '2024-06-10 23:22:35.841987', 26, '2024-05-20 23:22:35.841987', '2024-05-24 23:22:35.841987', '2024-06-08 23:22:35.841987'),
(130, 43, 41, 22, '2023-09-17 21:56:25.103223', 40, '2023-08-31 21:56:25.103223', '2023-09-09 21:56:25.103223', '2023-09-17 21:56:25.103223'),
(131, 58, 29, 27, '2023-12-12 23:35:19.073181', 40, '2023-12-02 23:35:19.073181', '2023-12-09 23:35:19.073181', '2023-12-23 23:35:19.073181'),
(132, 23, 1, 28, '2024-01-23 00:14:00.784067', 9, '2024-01-07 00:14:00.784067', '2024-01-10 00:14:00.784067', '2024-02-06 00:14:00.784067'),
(133, 123, 20, 20, '2024-05-11 12:34:16.305778', 34, '2024-04-18 12:34:16.305778', '2024-05-10 12:34:16.305778', '2024-05-15 12:34:16.305778'),
(134, 82, 22, 1, '2023-11-11 01:11:41.978844', 3, '2023-10-23 01:11:41.978844', '2023-10-27 01:11:41.978844', '2023-11-24 01:11:41.978844'),
(135, 50, 7, 22, '2023-08-19 20:10:17.758238', 38, '2023-08-10 20:10:17.758238', '2023-08-19 20:10:17.758238', '2023-08-20 20:10:17.758238'),
(136, 75, 37, 7, '2024-06-23 04:50:20.708007', 19, '2024-06-15 04:50:20.708007', '2024-06-16 04:50:20.708007', '2024-06-21 04:50:20.708007'),
(137, 89, 23, 24, '2024-01-11 22:14:56.883775', 48, '2023-12-27 22:14:56.883775', '2023-12-29 22:14:56.883775', '2024-01-21 22:14:56.883775'),
(138, 195, 20, 3, '2024-03-25 11:56:12.569244', 37, '2024-03-06 11:56:12.569244', '2024-03-19 11:56:12.569244', '2024-04-13 11:56:12.569244'),
(139, 89, 39, 13, '2024-06-01 13:41:59.238918', 7, '2024-05-18 13:41:59.238918', '2024-05-22 13:41:59.238918', '2024-05-31 13:41:59.238918'),
(140, 63, 5, 22, '2024-05-30 11:24:02.671735', 8, '2024-05-20 11:24:02.671735', '2024-05-27 11:24:02.671735', '2024-05-29 11:24:02.671735'),
(141, 145, 17, 20, '2024-05-29 10:08:01.087987', 7, '2024-05-21 10:08:01.087987', '2024-05-28 10:08:01.087987', '2024-06-19 10:08:01.087987'),
(142, 116, 47, 27, '2023-09-29 08:16:53.649399', 15, '2023-09-16 08:16:53.649399', '2023-09-29 08:16:53.649399', '2023-10-23 08:16:53.649399'),
(143, 61, 17, 7, '2024-01-18 16:52:48.571081', 5, '2024-01-05 16:52:48.571081', '2024-01-16 16:52:48.571081', '2024-01-28 16:52:48.571081'),
(144, 56, 30, 24, '2024-05-13 02:29:17.170694', 25, '2024-05-10 02:29:17.170694', '2024-05-12 02:29:17.170694', '2024-05-21 02:29:17.170694'),
(145, 161, 10, 14, '2023-11-22 17:56:59.005126', 33, '2023-11-15 17:56:59.005126', '2023-12-05 17:56:59.005126', '2023-12-21 17:56:59.005126'),
(146, 140, 35, 11, '2024-04-01 15:16:37.476040', 12, '2024-03-30 15:16:37.476040', '2024-04-01 15:16:37.476040', '2024-04-23 15:16:37.476040'),
(147, 21, 6, 19, '2023-11-14 06:21:22.863065', 33, '2023-10-18 06:21:22.863065', '2023-11-11 06:21:22.863065', '2023-12-05 06:21:22.863065'),
(148, 24, 4, 5, '2024-06-07 15:20:39.937376', 37, '2024-05-18 15:20:39.937376', '2024-05-19 15:20:39.937376', '2024-06-01 15:20:39.937376'),
(149, 87, 34, 16, '2024-04-14 15:27:07.658264', 27, '2024-03-25 15:27:07.658264', '2024-04-04 15:27:07.658264', '2024-04-08 15:27:07.658264'),
(150, 60, 47, 24, '2023-11-26 12:19:20.130324', 10, '2023-11-12 12:19:20.130324', '2023-11-25 12:19:20.130324', '2023-11-30 12:19:20.130324'),
(151, 107, 32, 10, '2023-12-27 22:16:21.831681', 19, '2023-12-10 22:16:21.831681', '2023-12-18 22:16:21.831681', '2024-01-19 22:16:21.831681'),
(152, 64, 39, 17, '2024-03-05 09:18:40.352825', 6, '2024-02-15 09:18:40.352825', '2024-02-22 09:18:40.352825', '2024-03-08 09:18:40.352825'),
(153, 79, 1, 2, '2023-12-18 11:54:34.632123', 2, '2023-12-09 11:54:34.632123', '2023-12-15 11:54:34.632123', '2023-12-26 11:54:34.632123'),
(154, 28, 10, 2, '2024-06-18 08:34:30.217688', 40, '2024-06-05 08:34:30.217688', '2024-06-07 08:34:30.217688', '2024-06-12 08:34:30.217688'),
(155, 59, 1, 15, '2023-08-05 22:14:33.176578', 9, '2023-08-01 22:14:33.176578', '2023-08-05 22:14:33.176578', '2023-08-09 22:14:33.176578'),
(156, 45, 18, 11, '2024-05-09 11:09:44.034805', 35, '2024-05-05 11:09:44.034805', '2024-05-06 11:09:44.034805', '2024-05-25 11:09:44.034805'),
(157, 31, 22, 24, '2024-04-29 14:41:13.308112', 18, '2024-04-15 14:41:13.308112', '2024-04-28 14:41:13.308112', '2024-05-10 14:41:13.308112'),
(158, 135, 20, 2, '2024-04-11 23:56:31.583860', 38, '2024-03-28 23:56:31.583860', '2024-04-01 23:56:31.583860', '2024-04-11 23:56:31.583860'),
(159, 21, 47, 1, '2024-06-09 00:47:57.812677', 19, '2024-05-21 00:47:57.812677', '2024-05-25 00:47:57.812677', '2024-06-08 00:47:57.812677'),
(160, 80, 7, 19, '2023-11-19 08:24:34.657841', 14, '2023-11-04 08:24:34.657841', '2023-11-08 08:24:34.657841', '2023-11-21 08:24:34.657841'),
(161, 79, 39, 2, '2023-08-19 18:38:20.810870', 17, '2023-08-06 18:38:20.810870', '2023-08-18 18:38:20.810870', '2023-08-22 18:38:20.810870'),
(162, 135, 32, 2, '2023-11-28 10:38:12.302183', 32, '2023-11-18 10:38:12.302183', '2023-11-23 10:38:12.302183', '2023-11-29 10:38:12.302183'),
(163, 91, 3, 14, '2024-06-01 20:13:09.083290', 26, '2024-05-19 20:13:09.083290', '2024-05-28 20:13:09.083290', '2024-06-09 20:13:09.083290'),
(164, 109, 15, 27, '2023-11-28 22:17:13.304187', 41, '2023-11-09 22:17:13.304187', '2023-11-22 22:17:13.304187', '2023-12-02 22:17:13.304187'),
(165, 144, 6, 19, '2023-12-21 18:59:21.708623', 16, '2023-12-07 18:59:21.708623', '2023-12-09 18:59:21.708623', '2023-12-25 18:59:21.708623'),
(166, 95, 7, 18, '2023-08-08 05:17:21.824999', 24, '2023-08-01 05:17:21.824999', '2023-08-07 05:17:21.824999', '2023-08-16 05:17:21.824999'),
(167, 25, 34, 7, '2024-02-28 00:42:29.882517', 6, '2024-02-20 00:42:29.882517', '2024-02-23 00:42:29.882517', '2024-02-25 00:42:29.882517'),
(168, 119, 14, 27, '2023-08-15 13:09:27.171934', 7, '2023-08-02 13:09:27.171934', '2023-08-04 13:09:27.171934', '2023-08-17 13:09:27.171934'),
(169, 115, 34, 8, '2024-04-21 05:14:48.907801', 13, '2024-04-09 05:14:48.907801', '2024-04-19 05:14:48.907801', '2024-05-07 05:14:48.907801'),
(170, 58, 3, 7, '2023-11-09 21:05:15.641122', 30, '2023-11-07 21:05:15.641122', '2023-11-07 21:05:15.641122', '2023-11-11 21:05:15.641122'),
(171, 61, 25, 28, '2023-11-25 22:00:39.078998', 28, '2023-11-15 22:00:39.078998', '2023-11-16 22:00:39.078998', '2023-12-01 22:00:39.078998'),
(172, 75, 31, 4, '2024-02-19 22:04:09.732178', 19, '2024-02-01 22:04:09.732178', '2024-02-07 22:04:09.732178', '2024-02-17 22:04:09.732178'),
(173, 200, 7, 9, '2023-08-20 16:39:56.167662', 22, '2023-08-04 16:39:56.167662', '2023-08-08 16:39:56.167662', '2023-08-17 16:39:56.167662'),
(174, 120, 1, 20, '2024-04-05 06:41:44.730232', 28, '2024-03-15 06:41:44.730232', '2024-03-20 06:41:44.730232', '2024-04-04 06:41:44.730232'),
(175, 102, 5, 5, '2023-12-14 09:27:59.841152', 25, '2023-12-08 09:27:59.841152', '2023-12-09 09:27:59.841152', '2023-12-28 09:27:59.841152'),
(176, 168, 3, 11, '2023-11-10 08:28:43.571806', 18, '2023-10-17 08:28:43.571806', '2023-11-01 08:28:43.571806', '2023-11-19 08:28:43.571806'),
(177, 144, 47, 6, '2023-08-21 18:13:51.625292', 19, '2023-08-02 18:13:51.625292', '2023-08-06 18:13:51.625292', '2023-08-15 18:13:51.625292'),
(178, 169, 30, 7, '2023-08-16 01:03:14.027628', 15, '2023-08-06 01:03:14.027628', '2023-08-15 01:03:14.027628', '2023-08-16 01:03:14.027628'),
(179, 80, 20, 25, '2024-04-25 08:23:18.451724', 27, '2024-04-10 08:23:18.451724', '2024-04-21 08:23:18.451724', '2024-05-03 08:23:18.451724'),
(180, 148, 43, 21, '2024-04-10 15:00:32.651992', 35, '2024-03-27 15:00:32.651992', '2024-04-04 15:00:32.651992', '2024-04-26 15:00:32.651992'),
(181, 45, 22, 10, '2024-05-30 09:28:23.330088', 7, '2024-05-17 09:28:23.330088', '2024-05-20 09:28:23.330088', '2024-06-14 09:28:23.330088'),
(182, 44, 45, 27, '2024-06-09 04:05:42.571641', 31, '2024-06-04 04:05:42.571641', '2024-06-07 04:05:42.571641', '2024-06-28 04:05:42.571641'),
(183, 70, 33, 23, '2024-02-23 20:13:54.285399', 23, '2024-02-04 20:13:54.285399', '2024-02-17 20:13:54.285399', '2024-03-17 20:13:54.285399'),
(184, 72, 33, 1, '2023-08-09 20:05:53.689055', 12, '2023-07-24 20:05:53.689055', '2023-08-03 20:05:53.689055', '2023-08-28 20:05:53.689055'),
(185, 41, 31, 28, '2023-09-06 03:05:13.986043', 31, '2023-08-20 03:05:13.986043', '2023-09-04 03:05:13.986043', '2023-09-23 03:05:13.986043'),
(186, 168, 5, 7, '2024-04-21 18:03:20.800012', 16, '2024-04-06 18:03:20.800012', '2024-04-12 18:03:20.800012', '2024-04-20 18:03:20.800012'),
(187, 49, 12, 18, '2023-11-29 18:22:54.279844', 13, '2023-11-18 18:22:54.279844', '2023-11-26 18:22:54.279844', '2023-12-17 18:22:54.279844'),
(188, 81, 38, 14, '2024-04-27 06:53:09.009588', 21, '2024-04-09 06:53:09.009588', '2024-04-10 06:53:09.009588', '2024-04-24 06:53:09.009588'),
(189, 106, 9, 14, '2023-09-17 01:50:27.670598', 20, '2023-08-26 01:50:27.670598', '2023-09-09 01:50:27.670598', '2023-09-16 01:50:27.670598'),
(190, 138, 32, 1, '2024-05-15 18:14:15.004223', 32, '2024-04-22 18:14:15.004223', '2024-04-28 18:14:15.004223', '2024-05-15 18:14:15.004223'),
(191, 157, 24, 5, '2024-03-13 00:22:20.743529', 24, '2024-03-05 00:22:20.743529', '2024-03-10 00:22:20.743529', '2024-04-01 00:22:20.743529'),
(192, 180, 1, 3, '2023-10-31 22:35:05.780982', 16, '2023-10-18 22:35:05.780982', '2023-10-28 22:35:05.780982', '2023-11-20 22:35:05.780982'),
(193, 103, 32, 7, '2024-06-03 21:22:29.739066', 39, '2024-05-17 21:22:29.739066', '2024-05-21 21:22:29.739066', '2024-06-01 21:22:29.739066'),
(194, 151, 24, 1, '2024-03-13 12:39:01.632740', 30, '2024-02-20 12:39:01.632740', '2024-03-02 12:39:01.632740', '2024-03-17 12:39:01.632740'),
(195, 105, 32, 19, '2023-10-26 06:08:39.365157', 21, '2023-10-16 06:08:39.365157', '2023-10-20 06:08:39.365157', '2023-11-14 06:08:39.365157'),
(196, 28, 3, 25, '2024-04-25 18:35:52.765448', 38, '2024-04-05 18:35:52.765448', '2024-04-10 18:35:52.765448', '2024-04-25 18:35:52.765448'),
(197, 91, 16, 21, '2024-04-11 15:49:16.986396', 34, '2024-03-29 15:49:16.986396', '2024-04-01 15:49:16.986396', '2024-04-22 15:49:16.986396'),
(198, 6, 45, 4, '2023-09-28 13:24:59.561254', 16, '2023-09-14 13:24:59.561254', '2023-09-23 13:24:59.561254', '2023-10-19 13:24:59.561254'),
(199, 166, 3, 27, '2024-03-18 03:10:09.493246', 29, '2024-03-02 03:10:09.493246', '2024-03-10 03:10:09.493246', '2024-03-28 03:10:09.493246'),
(200, 146, 47, 25, '2024-02-19 20:06:16.173362', 18, '2024-02-06 20:06:16.173362', '2024-02-16 20:06:16.173362', '2024-03-12 20:06:16.173362');




